Id,gender,cluster_0,cluster_1,cluster_2,age,t0,t1,t2,t3,t4,t5,t6,t7,y0,y1
0,0,1,0,0,0.0,0.5323406326856535,0.46579817859994677,0.39575898848056945,0.8006134852506223,0.3446653031940118,0.3329181868497711,0.5792430965304733,0.30291026036881696,0,0
1,0,0,1,0,0.071428571,0.46067952828566167,0.5374592829999386,0.3302282704240998,0.7652114543255264,0.4201239275917115,0.2355556133371022,0.6823567429185886,0.31653897890500465,1,0
2,0,0,0,1,0.071428571,0.5589576143199361,0.43918119696566404,0.44914827036114596,0.833685326937434,0.2816918029827569,0.16645959342488556,0.5288742185713016,0.5359173837294455,0,1
3,0,1,0,0,0.14285714300000002,0.25834229233274364,0.7397965189528567,0.12263728385921674,0.6805907386802456,0.6494290192824481,0.2881024116969173,0.495940721444151,0.4301679969734679,1,0
4,0,0,1,0,0.14285714300000002,0.457813084109662,0.5403257271759384,0.3378149192761978,0.7565176772158579,0.4159123331362204,0.18018813721250496,0.6397376767597877,0.4179725408737046,1,0
5,0,0,0,1,0.14285714300000002,0.5550624462758947,0.44307636500970543,0.4269963106987286,0.8105336741764194,0.31115550259658886,0.27309712983770285,0.5540586575508875,0.3932005206710605,1,0
6,0,1,0,0,0.214285714,0.41589133803566675,0.5822474732499335,0.2959829711739955,0.7539395226247154,0.45700076174143234,0.11704219850187265,0.6957211268110576,0.4368893563011783,1,1
7,0,0,1,0,0.214285714,0.6459497006368601,0.3521891106487402,0.5130798071958698,0.7877598121177793,0.23653320542277995,0.4266828375764471,0.5062401025263574,0.26545215319565263,1,0
8,0,0,0,1,0.214285714,0.3232072055591467,0.6749316057264535,0.22618549081130138,0.6677574672812132,0.5545173098004531,0.07093505969810464,0.5197162407605432,0.6513618221217568,0,0
9,0,1,0,0,0.214285714,0.3373557672252106,0.6607830440603896,0.2237888158981179,0.6583394670278874,0.5601501255499434,0.17522057202619531,0.6733533685068201,0.3924340498705321,0,0
10,0,0,1,0,0.214285714,0.5918041022941573,0.4063347089914429,0.45388980292710546,0.8197470477297016,0.28206762681135983,0.40611985745228096,0.4539277555838595,0.33687876871416156,0,0
11,0,0,0,1,0.28571428600000004,0.5057236510513708,0.4924151602342293,0.3667891796911157,0.8172700790558102,0.36659757760470835,0.3051750879456235,0.5708482835372779,0.3417447809289217,0,0
12,0,1,0,0,0.28571428600000004,0.6005060734563774,0.39763273782922287,0.46485639472935075,0.7963055849317224,0.2798258380715527,0.3930282344754242,0.5540586575508875,0.2588978037340316,0,0
13,0,0,1,0,0.28571428600000004,0.493524201135658,0.5046146101499425,0.3691286426352849,0.8128049443548749,0.3659299314595206,0.22808128426005952,0.5104702054708351,0.48393887159515137,0,0
14,0,0,0,1,0.28571428600000004,0.4833093507277643,0.5148294605578358,0.34275914056088425,0.8218019913408504,0.38807384562920966,0.31778558744750873,0.5128477574024742,0.3812853836810283,1,0
15,0,1,0,0,0.28571428600000004,0.33472970843113053,0.6634091028544697,0.23100924471764106,0.7268504734986804,0.5289842796978657,0.09791781966169738,0.4799867781991644,0.6579034659594215,1,0
16,0,0,1,0,0.28571428600000004,0.24121739606068676,0.7569214152249135,0.1395038157934977,0.6206968248340784,0.6544133552974236,0.20807424178110692,0.3022142677550294,0.6990223700818854,0,0
17,0,0,0,1,0.35714285700000004,0.5871403007562355,0.41099851052936476,0.4562653458611279,0.7819413945927784,0.29315728571643285,0.3036754609778317,0.6969973652728609,0.22671063354007093,1,0
18,0,1,0,0,0.35714285700000004,0.7186595041256322,0.2794793071599681,0.5987171139209065,0.7303960538717285,0.17457328177731157,0.46238598173579315,0.5260759475735698,0.2071184429872253,1,1
19,0,0,1,0,0.35714285700000004,0.6929603494442557,0.3051784618413444,0.5884084772162305,0.7360352150364808,0.18247951413493996,0.2853585887283752,0.6188186434983938,0.31955362632314754,1,1
20,0,0,0,1,0.35714285700000004,0.6078753102964557,0.39026350098914464,0.48160901945259127,0.7595729850849,0.27672782277303987,0.3121108626716604,0.6993534978177286,0.21508449848673397,0,0
21,0,1,0,0,0.35714285700000004,0.6040017370856452,0.394137074199955,0.4871592501244959,0.778564561722384,0.2646802370524492,0.26835714360553975,0.5611197152087152,0.39197560004591697,0,0
22,0,0,1,0,0.35714285700000004,0.2839154707656818,0.7142233405199183,0.16773261184409374,0.6458736066495903,0.6183970382895047,0.21847790387016228,0.5162819990815087,0.48931595905731967,0,0
23,0,0,0,1,0.428571429,0.5944469231656464,0.4036918881199539,0.45023415073675466,0.8754391810435436,0.2658812861794608,0.4161474835622138,0.352583145714201,0.4194138220491312,0,0
24,0,1,0,0,0.428571429,0.4702343422056605,0.5279044690799397,0.33796002142259624,0.7707026226343209,0.4107560062576621,0.26752373943285174,0.6404053054808959,0.31955362632314754,0,0
25,0,0,1,0,0.428571429,0.6967396368973994,0.3013991743882008,0.5736767807653441,0.7281512027916057,0.19941668710483296,0.44587223238808626,0.5900364275217244,0.16643465954330602,1,0
26,0,0,0,1,0.428571429,0.5323406326856535,0.46579817859994677,0.4001093123632739,0.8328211597840585,0.3290958394332649,0.2881024116969173,0.4726935470014563,0.4516763468221413,1,1
27,0,1,0,0,0.428571429,0.5106756476344931,0.4874631636511071,0.39000894183624707,0.7804150327970639,0.3573316486324128,0.2056263212895645,0.6340562872507483,0.3947424795756529,1,0
28,0,0,1,0,0.5,0.38208347829857386,0.6160553329870265,0.26383700830407764,0.7489655072013987,0.4896338714810122,0.14862474412936208,0.5900364275217244,0.4993019786299181,0,0
29,0,0,0,1,0.5,0.6419399688268175,0.3561988424587828,0.5159411467063456,0.8016744455092112,0.2288637323483607,0.35212494762956553,0.495940721444151,0.35847349747788987,0,0
30,0,1,0,0,0.5,0.4064495033343165,0.5916893079512837,0.2820596535583307,0.8253642335412191,0.44511143892664,0.18998091640883677,0.324113779911191,0.6990223700818854,0,0
31,0,0,1,0,0.5,0.6441319555496408,0.3540068557359595,0.5228677157765251,0.7743641584134715,0.23187043054107342,0.35874796858811536,0.49326863242774927,0.3535290492368156,1,0
32,0,0,0,1,0.5,0.5323406326856535,0.46579817859994677,0.4084117482113147,0.8119955099166697,0.3284876138577744,0.1859387905277977,0.5379834837341305,0.5056760336762576,0,0
33,0,1,0,0,0.571428571,0.43323485000481365,0.5649039612807866,0.3063193173364417,0.7661804840270781,0.4427440303251477,0.23069089849644464,0.5704832916680087,0.42549226874549545,0,0
34,0,0,1,0,0.571428571,0.5521617892218214,0.44597702206377876,0.41715770906972566,0.8150591757472959,0.31900418192492164,0.3366588293986449,0.5116129738774282,0.3612929440872666,0,0
35,0,0,0,1,0.571428571,0.6419399688268175,0.3561988424587828,0.510784069779234,0.7718557070339034,0.2443630996096937,0.40272340344730373,0.6271747707174268,0.18039361163403492,0,0
36,0,1,0,0,0.571428571,0.41589133803566675,0.5822474732499335,0.29014005103877044,0.7373800524633825,0.46846926120830196,0.1783494929552345,0.7483386153934064,0.31955362632314754,0,0
37,0,0,1,0,0.642857143,0.425436362187305,0.5727024490982952,0.3053410155981612,0.7475010625323263,0.45029020299641975,0.20136220172365188,0.5686818801841953,0.46000215966678903,1,0
38,0,0,0,1,0.642857143,0.45680595507485133,0.541332856210749,0.33461731113869403,0.7722991083495216,0.4134017902797582,0.17522057202619531,0.646843432738835,0.4169611154874403,1,0
39,0,1,0,0,0.642857143,0.6099734957856445,0.3881653154999556,0.45032563829595956,0.8636633459721786,0.2699583255196746,0.5107262298263534,0.4853738239701988,0.19064319184051418,1,1
40,0,0,1,0,0.642857143,0.4288301485523319,0.5693086627332684,0.29205465507987505,0.7457107442900419,0.4636840018365318,0.3078353851008157,0.6472065825438761,0.26811878578483267,1,0
41,0,0,0,1,0.7142857140000001,0.3679416284739075,0.6301971828116928,0.23928519817366217,0.782700492324353,0.5012826477987309,0.23906387353573988,0.4093820932000753,0.5651672141087584,1,0
42,0,1,0,0,0.7142857140000001,0.5562276674856507,0.44191114379994945,0.4257016310394672,0.7867349883251403,0.32081612764897605,0.27404868429706764,0.6830521254951073,0.2727898273490284,1,0
43,0,0,1,0,0.7142857140000001,0.28240068319299905,0.7157381280926012,0.1788741981470617,0.6266066038930099,0.6145107465197388,0.17135543440797044,0.4799867781991644,0.5756656577144939,0,0
44,0,0,0,1,0.7857142859999999,0.5789203505456482,0.41921846073995206,0.43228492256945183,0.8380998635872265,0.29632649261518473,0.4539789820678697,0.43042595710564796,0.30502850694482264,0,0
45,0,1,0,0,0.7857142859999999,0.4421863400534057,0.5559524712321945,0.3163220817618626,0.7547009800971728,0.43719719323536776,0.1610899613789215,0.7734069970505056,0.3156880703595611,1,0
46,0,0,1,0,0.857142857,0.6929603494442557,0.3051784618413444,0.5763824252288962,0.7294017905925138,0.19637579900386976,0.356697985910469,0.661991967463398,0.19972139145196724,1,0
47,0,0,0,1,0.857142857,0.635851116818975,0.3622876944666252,0.5179168007970896,0.7901711622181056,0.23103476832402414,0.24968889013732834,0.5324719955683853,0.4393858611943279,1,0
48,0,1,0,0,0.9285714290000001,0.4359688026304921,0.5621700086551082,0.2956413622732551,0.8236286448601376,0.43268103087414317,0.2881024116969173,0.495940721444151,0.4301679969734679,1,1
49,0,0,1,0,1.0,0.7299515569401763,0.26818725434542384,0.6112391852859353,0.6892335541122468,0.1771051870036216,0.48017001949486215,0.5831176256042557,0.13442818655420874,0,0
50,1,1,0,0,0.0,0.5323406326856535,0.46579817859994677,0.4077510725205179,0.7527911624365227,0.3500616859089858,0.20323532918154633,0.8176167398953899,0.22758935304991618,1,1
51,1,0,1,0,0.071428571,0.49507685839765764,0.5030619528879425,0.3536264870821639,0.8501540229196083,0.3676089232447561,0.26752373943285174,0.5540586575508875,0.39944178290393445,1,0
52,1,0,0,1,0.071428571,0.4702343422056605,0.5279044690799397,0.34200552043370636,0.7879856863793812,0.4007578782601746,0.19712301852946973,0.6733533685068201,0.36790698425362384,1,0
53,1,1,0,0,0.14285714300000002,0.5813719146435425,0.41676689664205757,0.4489608444333012,0.8246113526065034,0.285081117876325,0.325680856700863,0.4883601210824026,0.39510003526367427,0,1
54,1,0,1,0,0.14285714300000002,0.22180918028568894,0.7763296309999113,0.14170713607803964,0.5856527353194917,0.6646917050087783,1e-06,0.36517536520399396,0.8737777126023567,1,0
55,1,0,0,1,0.14285714300000002,0.6487899273356401,0.34934888394996005,0.5416567056231993,0.7092967404938706,0.23683816161906626,0.21847790387016228,0.8184952668365383,0.2097074110245656,0,0
56,1,1,0,0,0.214285714,0.4978371379745463,0.5003016733110539,0.3787832220217026,0.8145776309905701,0.3560304334404712,0.12484494506866417,0.6547964134692306,0.4660152467212568,1,0
57,1,0,1,0,0.214285714,0.7718934673941975,0.22624534389140274,0.663483058489027,0.6629124937327755,0.13623799850271215,0.5281869214443484,0.46688175339078275,0.1881990611758922,0,0
58,1,0,0,1,0.214285714,0.6210639047999291,0.37707490648567116,0.5039155869391686,0.7588369364008715,0.2555642949723444,0.25829881738344307,0.6582701291905528,0.31335540727808653,1,1
59,1,1,0,0,0.214285714,0.3806857373275313,0.617453073958069,0.2534721008263985,0.7614878462471659,0.49515968844084907,0.24320349039350161,0.46574958580428777,0.5083801782413712,1,0
60,1,0,1,0,0.214285714,0.635851116818975,0.3622876944666252,0.512368559946123,0.7193331158092804,0.2614176310397439,0.2881024116969173,0.9027662741913061,0.053771874621683494,0,0
61,1,0,0,1,0.28571428600000004,0.3911899725038514,0.606948838781749,0.25206834030980974,0.8426310244238506,0.4678089789579044,0.30449842699674184,0.27764408338470187,0.6137758615353139,0,0
62,1,1,0,0,0.28571428600000004,0.5840958747523143,0.414042936533286,0.4432945227390506,0.8475922080318663,0.28239528676462483,0.39723173430938596,0.41668899038951035,0.3812853836810283,1,0
63,1,0,1,0,0.28571428600000004,0.4833093507277643,0.5148294605578358,0.3503008598903726,0.8010949623785951,0.38815427947561953,0.25536361491317666,0.5884010743412317,0.3812853836810283,0,0
64,1,0,0,1,0.28571428600000004,0.5041105006492931,0.49402831063630714,0.36193976662465976,0.8360447792709537,0.3646148078630358,0.3304702663582286,0.5096155299398537,0.3700711371021746,1,0
65,1,1,0,0,0.28571428600000004,0.5002166893339332,0.4979221219516673,0.3611455449973039,0.8305847377534441,0.36730872170252554,0.27743198904147587,0.582041367528205,0.3624565252276442,0,0
66,1,0,1,0,0.28571428600000004,0.3717209159270511,0.6264178953585491,0.25785531107768656,0.7429237711898314,0.4975157180609969,0.12484494506866417,0.5918353160202662,0.5242670275614141,1,1
67,1,0,0,1,0.35714285700000004,0.7515393049679814,0.24659950631761884,0.6341563733104496,0.6751602093328196,0.1600723700266272,0.5674734775848371,0.5311637130239913,0.08473086304022853,1,0
68,1,1,0,0,0.35714285700000004,0.6099734957856445,0.3881653154999556,0.4746660299862209,0.8944447790688645,0.23569427454287767,0.325680856700863,0.38981231637967567,0.4862767357091376,1,1
69,1,0,1,0,0.35714285700000004,0.8118189398456216,0.18631987143997866,0.7055587027863632,0.611042027372479,0.11417304057310093,0.6539454741691932,0.3741698076967031,0.1331479276346448,1,1
70,1,0,0,1,0.35714285700000004,0.3992557245142401,0.5988830867713602,0.25554895562613134,0.7567880804098657,0.4948272434722797,0.356697985910469,0.5900364275217244,0.2662948552692896,0,0
71,1,1,0,0,0.35714285700000004,0.6538529401465091,0.34428587113909104,0.5321524187699642,0.7858759448518988,0.2188816232377363,0.24968889013732834,0.7051652914284022,0.2796095480327541,0,0
72,1,0,1,0,0.35714285700000004,0.3770749064856712,0.6210639047999291,0.25216881744903874,0.7030608786490392,0.5170759933575302,0.21200015200339195,0.6823567429185886,0.34291714381375504,0,0
73,1,0,0,1,0.428571429,0.29081616970790325,0.707322641577697,0.20026243297754703,0.6058697533375244,0.6013031444860703,0.03671980737313652,0.6873880403839887,0.53454675359203,1,0
74,1,1,0,0,0.428571429,0.5988830867713602,0.3992557245142401,0.45185069613070433,0.7947776272195448,0.2928572889803583,0.4161474835622138,0.6685333801853685,0.12709579456034278,1,1
75,1,0,1,0,0.428571429,0.6170310287947346,0.38110778249086547,0.4920842891938632,0.7550358770329262,0.26827177447703426,0.24968889013732834,0.8562719253059169,0.13980527401637707,0,1
76,1,0,0,1,0.428571429,0.29081616970790325,0.707322641577697,0.19645433536706594,0.6419404692822046,0.5922029683085483,1e-06,0.6227434911315759,0.6354749728017139,1,0
77,1,1,0,0,0.428571429,0.1996283622571201,0.7985104490284802,0.1204872801145173,0.46834933873025075,0.7265600083677591,0.08323029671244278,0.7051652914284022,0.4660152467212568,1,1
78,1,0,1,0,0.5,0.6170310287947346,0.38110778249086547,0.4982812421268537,0.7743457506926147,0.2554904824115953,0.24968889013732834,0.6673886329590235,0.31456061653684836,0,0
79,1,0,0,1,0.5,0.5562276674856507,0.44191114379994945,0.4398618959558332,0.7904538231606604,0.30590092389134277,0.11889999530348967,0.661991967463398,0.4660152467212568,1,1
80,1,1,0,0,0.5,0.38208347829857386,0.6160553329870265,0.2519673540227652,0.833980338870105,0.4709655649622236,0.22698999103393486,0.34800415680882185,0.6354749728017139,1,1
81,1,0,1,0,0.5,0.7186595041256322,0.2794793071599681,0.6060179230305119,0.7057055042059526,0.1762939940670368,0.3799608328176735,0.6526064622536144,0.1823544008909266,1,0
82,1,0,0,1,0.5,0.780765794605625,0.2173730166799751,0.6964432655492862,0.6012850973186519,0.12637861831891237,0.24968889013732834,0.7807186083671596,0.2097074110245656,0,0
83,1,1,0,0,0.571428571,0.5022892018082376,0.4958496094773627,0.36163988559178034,0.8257459023484016,0.3685453543929484,0.30265298804524643,0.5769536020777836,0.3389204521609141,0,0
84,1,0,1,0,0.571428571,0.385246786811986,0.6128920244736142,0.24874148711589592,0.7752738260365787,0.4948272434722797,0.19206860779794488,0.7284124658710969,0.3226262477301009,0,0
85,1,0,0,1,0.571428571,0.6538529401465091,0.34428587113909104,0.5036811828242147,0.8494093683937075,0.22375554079838297,0.5762038233938347,0.37970484923067804,0.21508449848673397,1,1
86,1,1,0,0,0.571428571,0.41290545868566714,0.5852333525999331,0.2900697554101017,0.7832569098725048,0.45231093434631503,0.1702427432754511,0.4853738239701988,0.5719275755215426,0,0
87,1,0,1,0,0.642857143,0.5728447351726054,0.4252940761129949,0.4214309456476047,0.8288281185139669,0.31003021138489556,0.4161474835622138,0.7051652914284022,0.09320384934425138,0,0
88,1,0,0,1,0.642857143,0.3992557245142401,0.5988830867713602,0.25108706564403405,0.8356158972533086,0.4712325503532741,0.29375145898509214,0.5096155299398537,0.4111900412246384,1,1
89,1,1,0,0,0.642857143,0.5767022687427913,0.42143654254280893,0.44486040022796114,0.8259825370088546,0.2885343360135238,0.32746052804895515,0.4673581299162477,0.41253820201553887,0,0
90,1,0,1,0,0.642857143,0.4741159853606601,0.5240228259249402,0.3242840667779866,0.8464577420319794,0.3970975194657641,0.4161474835622138,0.41414510766429957,0.3624565252276442,0,0
91,1,0,0,1,0.7142857140000001,0.6170310287947346,0.38110778249086547,0.48268380385758397,0.8040151098247243,0.25997716862413806,0.38413621559588973,0.5540586575508875,0.26885537310841745,0,0
92,1,1,0,0,0.7142857140000001,0.6078753102964557,0.39026350098914464,0.4737703900048036,0.812660727304087,0.2654800587511716,0.3774361827657288,0.5013470410819869,0.32512721864273736,0,0
93,1,0,1,0,0.7142857140000001,0.8118189398456216,0.18631987143997866,0.6855984188313986,0.6715367786509202,0.11194752541146001,0.794462468618772,0.34800415680882185,1e-06,1,0
94,1,0,0,1,0.7857142859999999,0.6825977870727331,0.31554102421286717,0.5678892894339568,0.7429237711898314,0.1997503580464127,0.3374170677531464,0.6153181037174476,0.26449557246341604,0,1
95,1,1,0,0,0.7857142859999999,0.3460217612456748,0.6521170500399255,0.22959697479676003,0.751890979375421,0.5214842752327208,0.08323029671244278,0.5036897795917159,0.6524209454097597,0,0
96,1,0,1,0,0.857142857,0.5323406326856535,0.46579817859994677,0.4130883765113814,0.7875361909660186,0.33264688101243256,0.14687622949254608,0.7318311679950225,0.3700711371021746,1,1
97,1,0,0,1,0.857142857,0.6005060734563774,0.39763273782922287,0.48554477485703645,0.7762005203160425,0.26706694457594804,0.19206860779794488,0.6412355617109922,0.4032825596626261,1,0
98,1,1,0,0,0.9285714290000001,0.6170310287947346,0.38110778249086547,0.4946100259900937,0.814769475327386,0.24471925849899598,0.24968889013732834,0.5036897795917159,0.4660152467212568,1,1
99,1,0,1,0,1.0,0.7393616009522965,0.25877721033330375,0.5876200293399493,0.8119955099166697,0.15637093609627228,0.9987525605493134,0.10073875591834318,1e-06,1,0
100,0,1,0,0,0.0,0.3598231591301176,0.6383156521554826,0.22077787395409026,0.7276204518311905,0.5385384483366563,0.36718907373136517,0.6873880403839887,0.16447661648985537,0,1
101,0,0,1,0,0.071428571,0.5323406326856535,0.46579817859994677,0.3976246245592947,0.840220255944642,0.32886527285269895,0.3078353851008157,0.46091073255789883,0.44048021950365374,0,0
102,0,0,0,1,0.071428571,0.36513138908567255,0.6330074221999278,0.22690945426741346,0.7539872098603639,0.5233240456013122,0.36412917311693715,0.4281364626529584,0.4077634658810998,1,0
103,0,1,0,0,0.14285714300000002,0.5106756476344931,0.4874631636511071,0.3740641289594166,0.7949550570092105,0.3675029439112182,0.3121108626716604,0.5985017851619212,0.30839278091847877,0,0
104,0,0,1,0,0.14285714300000002,0.7264227904356312,0.2717160208499689,0.6018471587551869,0.7062397377033288,0.18011076445169577,0.5715756882661732,0.4539277555838595,0.15159599592137274,0,0
105,0,0,0,1,0.14285714300000002,0.4857609148256587,0.5123778964599415,0.35082964566525476,0.8325329693978617,0.37652734640296104,0.2795023695567108,0.4751223562715886,0.45905981020302916,0,0
106,0,1,0,0,0.214285714,0.7985104490284802,0.19962836225712005,0.6961734436037954,0.6343265615768137,0.1149515758461453,0.5493143583021224,0.4633946772243785,0.16776612881965247,0,0
107,0,0,1,0,0.214285714,0.2839154707656818,0.7142233405199183,0.17428480028519536,0.6677574672812132,0.6043641939434309,0.18495499269431726,0.41414510766429957,0.6213533289616758,0,0
108,0,0,0,1,0.214285714,0.5323406326856535,0.46579817859994677,0.4062864365225799,0.7678743713714926,0.3461336967876755,0.23779899060697934,0.7099623274245137,0.28848600987506373,1,0
109,0,1,0,0,0.214285714,0.41589133803566675,0.5822474732499335,0.292440084102997,0.7764039589569888,0.452458172630857,0.1642693487745581,0.593823561202865,0.478278779529711,0,0
110,0,0,1,0,0.214285714,0.4524896877828054,0.5456491235027947,0.325721578751186,0.7893902136060679,0.4159006775570354,0.19420269232903314,0.604427535510059,0.43494763027317307,0,1
111,0,0,0,1,0.28571428600000004,0.5323406326856535,0.46579817859994677,0.3902295911865093,0.8567029024487675,0.33013804775411765,0.3528208447592682,0.422661584613918,0.42549226874549545,0,0
112,0,1,0,0,0.28571428600000004,0.2618777547889102,0.73626105649669,0.1539923158463947,0.6178218108384248,0.6415150340910177,0.20807424178110692,0.47011052761893474,0.5436842878414664,0,0
113,0,0,1,0,0.28571428600000004,0.6005060734563774,0.39763273782922287,0.46298356027113113,0.8050883360439859,0.2785182557979835,0.39013832833957546,0.535170328316198,0.2796095480327541,0,0
114,0,0,0,1,0.28571428600000004,0.5323406326856535,0.46579817859994677,0.40875800595287687,0.8177019530472868,0.32613678921009637,0.20382784909169657,0.5694777018241033,0.4565047518902108,1,0
115,0,1,0,0,0.28571428600000004,0.7273254981460963,0.27081331313950385,0.6168882400370761,0.7091756347410642,0.16462651124537953,0.44587223238808626,0.46771200962087894,0.2796095480327541,0,0
116,0,0,1,0,0.28571428600000004,0.65538139684413,0.3427574144414703,0.5380399891661531,0.7104710177562694,0.2398964366161091,0.3597208417232696,0.6693094799998395,0.1895661173103418,1,1
117,0,0,0,1,0.35714285700000004,0.3992557245142401,0.5988830867713602,0.2688831722956648,0.8483115787318118,0.4496504284522366,0.1560559313358302,0.4596170113774407,0.6116446988216497,0,0
118,0,1,0,0,0.35714285700000004,0.2735644223523497,0.7245743889332504,0.17142048391529088,0.614029900487401,0.6261176631508707,0.15889329372375438,0.5128477574024742,0.5592180960655083,0,0
119,0,0,1,0,0.35714285700000004,0.5813719146435425,0.41676689664205757,0.4577262168894829,0.7890794012822139,0.2892296361410566,0.2842990927306213,0.5316170782621477,0.40141921252227075,1,0
120,0,0,0,1,0.35714285700000004,0.7048581062411893,0.29328070504441084,0.5896611909649111,0.7586994152200354,0.17326044203033608,0.3699089853886345,0.5260759475735698,0.3106771644808379,0,0
121,0,1,0,0,0.35714285700000004,0.5696044069736492,0.428534404311951,0.4324109530376862,0.8308942204244542,0.2987539591589819,0.3799608328176735,0.422661584613918,0.39510003526367427,1,0
122,0,0,1,0,0.35714285700000004,0.5116385358589892,0.486500275426611,0.38248865616335626,0.8067457577875942,0.35524162653353175,0.25330755521178233,0.5431089014728067,0.42549226874549545,0,0
123,0,0,0,1,0.428571429,0.6133488376595572,0.3847899736260429,0.4827231896974823,0.7751379014363821,0.27015270407051334,0.3760369791224824,0.5813670853600769,0.2526593265356212,1,0
124,0,1,0,0,0.428571429,0.7515393049679814,0.24659950631761884,0.6452992193988135,0.6601692499342479,0.15467250669851515,0.45082635719239833,0.5960327225168638,0.15533908224041895,1,1
125,0,0,1,0,0.428571429,0.6121915775885014,0.3859472336970987,0.4742926579880197,0.7524243449180581,0.286283011065267,0.39424503705893943,0.6998633042748051,0.12263632808454128,0,0
126,0,0,0,1,0.428571429,0.7097871769142046,0.2883516343713956,0.5940109876554461,0.704396318935163,0.18828882868164407,0.44175649793527316,0.5656822447722347,0.19357614863806058,0,0
127,0,1,0,0,0.428571429,0.6210639047999291,0.37707490648567116,0.4825057010895634,0.8004259936799243,0.2614176310397439,0.45025785106731336,0.4921297092404305,0.2521070678983849,0,0
128,0,0,1,0,0.5,0.6040017370856452,0.394137074199955,0.46396865445865154,0.8389454657782975,0.26559746995670425,0.4331330543198552,0.3844491705455137,0.3709102984107963,1,0
129,0,0,0,1,0.5,0.35609305159378174,0.6420457596918187,0.23991843045785008,0.7137401164912162,0.525064550523803,0.16488922933597153,0.568314000369521,0.5011861332662574,1,0
130,0,1,0,0,0.5,0.7299515569401763,0.26818725434542384,0.6167720043426083,0.7639579632301031,0.14536259740710572,0.44587223238808626,0.3381920377258663,0.39944178290393445,1,0
131,0,0,1,0,0.5,0.3992557245142401,0.5988830867713602,0.28458687388815185,0.6745907676365421,0.4960101589174833,0.07343861474627304,0.9984899336612248,0.20559552061231923,0,0
132,0,0,0,1,0.5,0.33472970843113053,0.6634091028544697,0.21958776327858312,0.7164677221950797,0.5436259892209729,0.16645959342488556,0.5036897795917159,0.5592180960655083,0,0
133,0,1,0,0,0.571428571,0.3576666907106734,0.6404721205749269,0.23271775354564933,0.6923723668029365,0.5395376820528711,0.21314919889771933,0.6830521254951073,0.3409870341862855,0,0
134,0,0,1,0,0.571428571,0.5668441273967606,0.4312946838888395,0.45340950776058436,0.7270501417929803,0.3153141875093685,0.12914990869172155,0.9448516761996324,0.1928344814018994,1,0
135,0,0,0,1,0.571428571,0.3362155048540969,0.6619233064315033,0.21964058445580043,0.6736439850571894,0.5587212638848006,0.19206860779794488,0.6509218843954482,0.3943207472256789,1,0
136,0,1,0,0,0.571428571,0.4421863400534057,0.5559524712321945,0.30689892832038496,0.7893902136060679,0.4339784808728887,0.24968889013732834,0.6447226378773964,0.3355312576393049,1,0
137,0,0,1,0,0.642857143,0.5871403007562355,0.41099851052936476,0.4555631290913396,0.8197855556377418,0.2804468976880105,0.3013484536140169,0.5280057896409711,0.3856679628037988,0,1
138,0,0,0,1,0.642857143,0.4359688026304921,0.5621700086551082,0.3112602160246602,0.8639436142516178,0.4034215456656665,0.1859387905277977,0.4415324408335891,0.5949128043250088,1,0
139,0,1,0,0,0.642857143,0.41589133803566675,0.5822474732499335,0.2925960518070713,0.7574720880753703,0.45900424792648936,0.20245064065188784,0.5540586575508875,0.4723127365418144,0,0
140,0,0,1,0,0.642857143,0.30747302922361014,0.6906657820619901,0.20718719055011817,0.6552628046262186,0.5771829554485793,0.046239498173579315,0.6380067874828401,0.5695739682148695,1,0
141,0,0,0,1,0.7142857140000001,0.5668441273967606,0.4312946838888395,0.4362037567515314,0.8393635573367378,0.2921157876138344,0.2648214895395906,0.5769536020777836,0.3812853836810283,1,0
142,0,1,0,0,0.7142857140000001,0.45680595507485133,0.541332856210749,0.3160728279556388,0.8310497826689013,0.41043334966960165,0.3066352510458418,0.46127388236293965,0.44148818110434856,0,0
143,0,0,1,0,0.7142857140000001,0.7774970424750991,0.22064176881050107,0.6798012350940382,0.598116404701253,0.14348280389497384,0.4744079912609238,0.6447226378773964,0.08388356440982624,0,0
144,0,0,0,1,0.7857142859999999,0.3992557245142401,0.5988830867713602,0.26059469233597926,0.8328211597840585,0.4630896077291623,0.22698999103393486,0.4853738239701988,0.5083801782413712,1,0
145,0,1,0,0,0.7857142859999999,0.49507685839765764,0.5030619528879425,0.35439809320061966,0.8486749849647153,0.367390960822332,0.24968889013732834,0.5540586575508875,0.4194138220491312,1,1
146,0,0,1,0,0.857142857,0.48797899662851557,0.5101598146570846,0.3530999793778058,0.8323716728410869,0.3744039017638268,0.2865280870428358,0.4425865505920649,0.481294402351462,1,1
147,0,0,0,1,0.857142857,0.4359688026304921,0.5621700086551082,0.32536133663767786,0.796727020303369,0.41365176422587663,1e-06,0.6121765936576239,0.6452514954602019,0,0
148,0,1,0,0,0.9285714290000001,0.24569621508568623,0.752442596199914,0.16044461614490044,0.5925911633725949,0.6442417012578131,1e-06,0.5142937538989097,0.7358129685072478,1,0
149,0,0,1,0,1.0,0.7393616009522965,0.25877721033330375,0.6317797760338334,0.7074285721218729,0.1509421663317518,0.27743198904147587,0.8059030473467453,0.15533908224041895,0,1
150,1,1,0,0,0.0,0.3460217612456748,0.6521170500399255,0.22461900230786,0.7556384693634288,0.5249398385792965,0.18915849252827904,0.43958393491640646,0.5931100412815997,1,0
151,1,0,1,0,0.071428571,0.6582317620369904,0.3399070492486098,0.5334011571886375,0.763303789793444,0.2256656755187582,0.38413621559588973,0.5734313029197995,0.2509317482345229,0,0
152,1,0,0,1,0.071428571,0.5057236510513708,0.4924151602342293,0.3576672401441031,0.893256379007068,0.3484835220094784,0.36718907373136517,0.33184301949571865,0.49342784946956614,0,0
153,1,1,0,0,0.14285714300000002,0.5696044069736492,0.428534404311951,0.44048104269159777,0.7802325935678317,0.30892134778213204,0.2400855097474311,0.7865304019778332,0.21508449848673397,1,0
154,1,0,1,0,0.14285714300000002,0.5323406326856535,0.46579817859994677,0.41601404383144236,0.8129416981184077,0.3208515049548779,0.13570094029202626,0.5869079257851297,0.5166689691909587,1,0
155,1,0,0,1,0.14285714300000002,0.36513138908567255,0.6330074221999278,0.24233071281381083,0.7613097735847452,0.5059231722901334,0.21712090446724203,0.38981231637967567,0.6078456696364221,1,1
156,1,1,0,0,0.214285714,0.5323406326856535,0.46579817859994677,0.40195358988105007,0.7842774011719189,0.344493620387678,0.1560559313358302,0.9318252422446743,0.17475634252047134,1,0
157,1,0,1,0,0.214285714,0.5096188190954122,0.4885199921901881,0.3785279398542442,0.7833826788345758,0.36730872170252554,0.2617705622407474,0.6515468084396068,0.3156880703595611,0,0
158,1,0,0,1,0.214285714,0.5041105006492931,0.49402831063630714,0.37664765728300553,0.8165434433307827,0.3573862165436563,0.20807424178110692,0.5900364275217244,0.43272851481259567,0,0
159,1,1,0,0,0.214285714,0.46067952828566167,0.5374592829999386,0.3166930107813879,0.8774318939736745,0.39343316841209336,0.29724848825872413,0.3741698076967031,0.5325887105385793,1,0
160,1,0,1,0,0.214285714,0.49507685839765764,0.5030619528879425,0.34046379447321207,0.8322823142979792,0.3865716539956511,0.44587223238808626,0.661991967463398,0.09986119572598362,0,1
161,1,0,0,1,0.28571428600000004,0.6304031966014318,0.3677356146841685,0.5122369330200335,0.7351793641204586,0.2559395088228187,0.26130228037627384,0.7824756622494563,0.19507673118564242,1,0
162,1,1,0,0,0.28571428600000004,0.7273254981460963,0.27081331313950385,0.6264956395358248,0.6643812030394548,0.17124230007886831,0.3504401440523906,0.646843432738835,0.2207445905521743,1,0
163,1,0,1,0,0.28571428600000004,0.7393616009522965,0.25877721033330375,0.6222896649909065,0.7429237711898314,0.14750270603573706,0.356697985910469,0.661991967463398,0.19972139145196724,0,0
164,1,0,0,1,0.28571428600000004,0.2695832498856835,0.7285555613999168,0.16379015705938904,0.6509937592152624,0.6203725745775498,0.21712090446724203,0.29126451167694867,0.6990223700818854,0,0
165,1,1,0,0,0.28571428600000004,0.46067952828566167,0.5374592829999386,0.3182227153442626,0.7654736623624169,0.43156166224777465,0.32746052804895515,0.6655307645097098,0.22918833445307715,0,0
166,1,0,1,0,0.28571428600000004,0.46417519191492956,0.5339636193706708,0.3409176804252449,0.7700394670295452,0.4081499338156351,0.18915849252827904,0.6456384356584721,0.4024678494410855,0,0
167,1,0,0,1,0.35714285700000004,0.6040017370856452,0.394137074199955,0.47945400900239143,0.8188342959292282,0.2578378680069017,0.22698999103393486,0.6227434911315759,0.3812853836810283,1,0
168,1,1,0,0,0.35714285700000004,0.6913933278173425,0.3067454834682576,0.5738926566533935,0.7361627808911726,0.19637579900386976,0.40964519475655425,0.5304482460075258,0.262134013780707,1,1
169,1,0,1,0,0.35714285700000004,0.6720797862656374,0.3260590250199627,0.5629425094232695,0.7252007869117939,0.21076969387188876,0.29624086965445734,0.6436981861222945,0.28434867596551266,1,0
170,1,0,0,1,0.35714285700000004,0.41290545868566714,0.5852333525999331,0.2891905151243881,0.7726406820374248,0.45691015526931994,0.18844469066968175,0.539803314732254,0.5011861332662574,0,0
171,1,1,0,0,0.35714285700000004,0.36513138908567255,0.6330074221999278,0.24631024836224039,0.7354728839219218,0.5112391695736929,0.18159219282714786,0.5128477574024742,0.5337991371534397,1,0
172,1,0,1,0,0.35714285700000004,0.5002166893339332,0.4979221219516673,0.3616512618189531,0.8430146719558769,0.36242676706043836,0.2714008805840525,0.5212093893166452,0.42549226874549545,1,0
173,1,0,0,1,0.428571429,0.7541488129713424,0.2439899983142578,0.6483980429203238,0.704396318935163,0.13605396985442988,0.3404844865509022,0.6227434911315759,0.25419058912068554,1,0
174,1,1,0,0,0.428571429,0.6565532136456392,0.341585597639961,0.5128629635221664,0.7927901971975002,0.234962309114105,0.5493143583021224,0.5238373307753845,0.11184441921310166,0,0
175,1,0,1,0,0.428571429,0.48797899662851557,0.5101598146570846,0.3605506118399979,0.876030767694676,0.3518066476190102,0.13871649452073795,0.5540586575508875,0.5436842878414664,1,0
176,1,0,0,1,0.428571429,0.5840958747523143,0.414042936533286,0.44772195181372487,0.8465313792800891,0.2785182557979835,0.3613913673040278,0.39499904294297716,0.44148818110434856,0,1
177,1,1,0,0,0.428571429,0.3460217612456748,0.6521170500399255,0.23655333745636242,0.7111483176725115,0.5292131544042488,0.0780284656679151,0.5540586575508875,0.6116446988216497,0,0
178,1,0,1,0,0.5,0.7048581062411893,0.29328070504441084,0.5932035446292443,0.696173996807642,0.19197241098494178,0.325680856700863,0.7840035351905839,0.12156993392728441,1,0
179,1,0,0,1,0.5,0.26617081634282674,0.7319679949427736,0.15168698550245396,0.6851688710114581,0.6199096628964952,0.26009255222638367,0.23925317030606505,0.6990223700818854,1,1
180,1,1,0,0,0.5,0.6825977870727331,0.31554102421286717,0.5649941443641818,0.7720314515189094,0.19223606026381349,0.33611931364640346,0.495940721444151,0.37639712235178435,0,0
181,1,0,1,0,0.5,0.22180918028568894,0.7763296309999113,0.13243602215347358,0.571199962260261,0.678707636433353,0.10856095223362101,0.4555108528481603,0.6686301366000643,0,0
182,1,0,0,1,0.5,0.5767022687427913,0.42143654254280893,0.41659130769662744,0.8827854510994,0.2955945726319043,0.5548629780829518,0.47011052761893474,0.15533908224041895,1,0
183,1,1,0,0,0.571428571,0.7186595041256322,0.2794793071599681,0.5946220781640403,0.7716389884133487,0.16391936596547915,0.4161474835622138,0.5540586575508875,0.23300812336062843,0,0
184,1,0,1,0,0.571428571,0.321980616543742,0.6761581947418582,0.2228699478588989,0.594683960697197,0.5835464697073846,0.03671980737313652,0.9096036784391576,0.3289522329797107,1,0
185,1,0,0,1,0.571428571,0.3717209159270511,0.6264178953585491,0.25103491233592173,0.7429237711898314,0.5040662210011969,0.1560559313358302,0.6012794806376108,0.48057819193129614,1,0
186,1,1,0,0,0.571428571,0.3717209159270511,0.6264178953585491,0.23485904794529375,0.7914050186972871,0.5024550085844541,0.2699338542025171,0.4519595806066207,0.491205206003487,0,0
187,1,0,1,0,0.642857143,0.5696044069736492,0.428534404311951,0.4382404268461606,0.8070441307964661,0.3015905272971956,0.23779899060697934,0.7339475074050718,0.2662948552692896,0,0
188,1,0,0,1,0.642857143,0.6255000684056429,0.3726387428799574,0.496320369806583,0.7857559667131779,0.25333816587064745,0.22698999103393486,0.8974828254543301,0.12709579456034278,0,0
189,1,1,0,0,0.642857143,0.3460217612456748,0.6521170500399255,0.23373356276681806,0.6792597842494359,0.5431997610163892,0.06570833950982324,0.8324129831147304,0.36790698425362384,1,1
190,1,0,1,0,0.642857143,0.7738650956634037,0.22427371562219656,0.6747961867405884,0.6499908863573579,0.12994269783353837,0.4161474835622138,0.5900364275217244,0.19972139145196724,0,1
191,1,0,0,1,0.7142857140000001,0.31053245239996446,0.6876063588856358,0.17676146481556393,0.7160221466330627,0.5849151640602761,0.24968889013732834,0.5540586575508875,0.4194138220491312,0,0
192,1,1,0,0,0.7142857140000001,0.7186595041256322,0.2794793071599681,0.6107641057697616,0.6797097064186262,0.18092988482781774,0.29375145898509214,0.8651605508281238,0.08223880824492769,0,0
193,1,0,1,0,0.7142857140000001,0.28718422289620776,0.7109545883893924,0.16825189950609248,0.7756885703294855,0.571985021337736,0.16645959342488556,0.3022142677550294,0.7456237947540111,1,1
194,1,0,0,1,0.7857142859999999,0.5057236510513708,0.4924151602342293,0.37729082253074875,0.8075070936817126,0.3599645011008935,0.21314919889771933,0.6093415723841246,0.4091842410235426,0,0
195,1,1,0,0,0.7857142859999999,0.024198256031166075,0.9739405552544341,1e-06,0.15133712005718772,0.9544000914807858,0.24968889013732834,1e-06,0.9320294934425137,1,0
196,1,0,1,0,0.857142857,0.6040017370856452,0.394137074199955,0.47767620525534465,0.8269913479297336,0.2566603143776773,0.23779899060697934,0.5900364275217244,0.39944178290393445,1,1
197,1,0,0,1,0.857142857,0.4833093507277643,0.5148294605578358,0.36130472443738576,0.841218168608794,0.3633949830778905,0.08323029671244278,0.7051652914284022,0.4660152467212568,0,0
198,1,1,0,0,0.9285714290000001,0.48797899662851557,0.5101598146570846,0.3748946272450492,0.8236286448601376,0.3565639642810769,0.062422972534332086,0.7051652914284022,0.48931595905731967,0,1
199,1,0,1,0,1.0,0.5323406326856535,0.46579817859994677,0.37471117061317005,0.884904567461666,0.335067940845072,0.4161474835622138,0.5036897795917159,0.2796095480327541,1,0
200,0,1,0,0,0.0,0.362959840467491,0.6351789708181094,0.24665906627195897,0.7226177776254148,0.5154507809265356,0.17286184701815038,0.5191878958868456,0.537709746216835,0,1
201,0,0,1,0,0.071428571,0.6210639047999291,0.37707490648567116,0.48329996898194594,0.82431403656859,0.2522060115157423,0.4270987068138511,0.4347639465949547,0.3311163858282614,0,0
202,0,0,0,1,0.071428571,0.2618777547889102,0.73626105649669,0.15867104563721965,0.643504723914817,0.6279378538737483,0.1783494929552345,0.3381920377258663,0.6990223700818854,0,0
203,0,1,0,0,0.14285714300000002,0.314307910787806,0.6838309004977943,0.21138533381896,0.6970138131139089,0.5583843402003675,0.12642524817079914,0.3723481484576735,0.7255674854014507,1,0
204,0,0,1,0,0.14285714300000002,0.5481303675534482,0.450008443732152,0.4137427897644932,0.8141840947939459,0.32259346735574923,0.3473112231233514,0.4688481497252211,0.3889301833538309,1,0
205,0,0,0,1,0.14285714300000002,0.493524201135658,0.5046146101499425,0.3699033416397853,0.7625073292962915,0.38297527402565373,0.20807424178110692,0.6799808524488165,0.34951168504094265,0,0
206,0,1,0,0,0.214285714,0.3992557245142401,0.5988830867713602,0.279185999064449,0.7537071228054136,0.473215242321119,0.20102091155123888,0.49003042285702525,0.5331528924353363,0,1
207,0,0,1,0,0.214285714,0.3460217612456748,0.6521170500399255,0.2306201977013254,0.6844316825848855,0.5443607146276587,0.1963847338158762,0.5625477942855793,0.47125136185295635,1,0
208,0,0,0,1,0.214285714,0.5323406326856535,0.46579817859994677,0.4002497868925848,0.8125084188676118,0.3361451843503255,0.28266653600452263,0.539803314732254,0.3956734736312558,1,0
209,0,1,0,0,0.214285714,0.5965885193890943,0.4015502918965058,0.4655877236190219,0.7767287226831254,0.2860474424356816,0.37187658105559535,0.5594170488231397,0.2776265086850041,1,1
210,0,0,1,0,0.214285714,0.5133285029468801,0.48481030833872013,0.3796425186949723,0.8253642335412191,0.35139010837210116,0.3018215265396276,0.46273047224030156,0.44553110400823454,0,0
211,0,0,0,1,0.28571428600000004,0.8063389730385634,0.19179983824703695,0.7190064445617838,0.5539843458008534,0.12143775322438213,0.47812674707147973,0.6344345266346719,0.08923777064875131,1,0
212,0,1,0,0,0.28571428600000004,0.3992557245142401,0.5988830867713602,0.26881031324337984,0.7845051307988542,0.4722876271645905,0.2617705622407474,0.43219846893998837,0.5186297584478504,0,0
213,0,0,1,0,0.28571428600000004,0.329820120250894,0.6683186910347063,0.2169067705015382,0.6599653582896392,0.566184786416956,0.18726691760299624,0.5918353160202662,0.4543648905532255,0,1
214,0,0,0,1,0.28571428600000004,0.6255000684056429,0.3726387428799574,0.506011359631329,0.7534698000738469,0.2554497179781142,0.28266653600452263,0.6823567429185886,0.2637826490875039,1,0
215,0,1,0,0,0.28571428600000004,0.6654255408570667,0.3327132704285333,0.5408887476292866,0.7429237711898314,0.22568243843863864,0.36718907373136517,0.6873880403839887,0.16447661648985537,1,0
216,0,0,1,0,0.28571428600000004,0.6720797862656374,0.3260590250199627,0.5464362336642616,0.7924793953733528,0.20282752057008105,0.4304973623057385,0.39774145009138945,0.3615637776285614,1,0
217,0,0,0,1,0.35714285700000004,0.4288301485523319,0.5693086627332684,0.303413252314681,0.7773433581648215,0.44158698395195156,0.17339536815092246,0.5960327225168638,0.4660152467212568,1,0
218,0,1,0,0,0.35714285700000004,0.3717209159270511,0.6264178953585491,0.25271251041353326,0.7564457517871491,0.4976725209347575,0.13376236971642588,0.5540586575508875,0.54923207649291,0,0
219,0,0,1,0,0.35714285700000004,0.5133285029468801,0.48481030833872013,0.37042655962649146,0.8326787292766473,0.3576543658819942,0.37187658105559535,0.4415324408335891,0.3866936728112557,1,0
220,0,0,0,1,0.35714285700000004,0.5540056177368138,0.4441331935487864,0.42983154955504277,0.7918358158385019,0.3150455643212225,0.2422355202824827,0.6104417298932437,0.3755945719842966,1,1
221,0,1,0,0,0.35714285700000004,0.24121739606068676,0.7569214152249135,0.15262061483218553,0.5294965356805643,0.6740715568363088,0.0861002724611477,0.6843229971004691,0.4820847035047485,1,0
222,0,0,1,0,0.35714285700000004,0.5323406326856535,0.46579817859994677,0.3880152775051697,0.8404678296971986,0.33800679775958026,0.371158674528461,0.49279921138432736,0.3400654503101064,0,0
223,0,0,0,1,0.428571429,0.7652392219856269,0.2328995892999734,0.6639002422898959,0.6478556669027826,0.14116265931065444,0.448158751528538,0.5734313029197995,0.17923724873894495,1,1
224,0,1,0,0,0.428571429,0.2782694443584098,0.7198693669271905,0.16502935623278284,0.6318083654118741,0.6259679504940107,0.22194579123318076,0.5036897795917159,0.4970828631693407,0,0
225,0,0,1,0,0.428571429,0.7186595041256322,0.2794793071599681,0.6008970696646161,0.7007976008674189,0.1829480452181831,0.48017001949486215,0.5540586575508875,0.16131362386505047,0,0
226,0,0,0,1,0.428571429,0.5022892018082376,0.4958496094773627,0.3773373648640428,0.8012720436303112,0.3621250285070543,0.13871649452073795,0.6939722074374751,0.41423588597445055,0,0
227,0,1,0,0,0.428571429,0.5623920635630694,0.43574674772253086,0.4216337322284149,0.8203678418835593,0.3128277010755038,0.3467897363018449,0.5960327225168638,0.27184264392073315,1,0
228,0,0,1,0,0.5,0.4702343422056605,0.5279044690799397,0.31925723415878965,0.8074604967679382,0.41571807348313794,0.35212494762956553,0.6121765936576239,0.2509317482345229,0,0
229,0,0,0,1,0.5,0.46734567753217254,0.5307931337534276,0.33806031261201863,0.7554514885079344,0.416053742736626,0.24394893863991848,0.6669544184938582,0.3213901356698323,0,0
230,0,1,0,0,0.5,0.2618777547889102,0.73626105649669,0.16018949754323605,0.6369288910237614,0.6288052468135361,0.1610899613789215,0.3834543934956288,0.676473293627631,0,0
231,0,0,1,0,0.5,0.4288301485523319,0.5693086627332684,0.3075570629508325,0.7161162082573871,0.4592621218740821,0.1721995449222954,0.7624816008302182,0.31335540727808653,0,0
232,0,0,0,1,0.5,0.49507685839765764,0.5030619528879425,0.358837738988682,0.8094277872874193,0.3770080462935269,0.24163444206838225,0.6759188461617865,0.3156880703595611,0,0
233,0,1,0,0,0.571428571,0.31314196040332554,0.6849968508822748,0.18924499932701702,0.678909308130854,0.58605178692366,0.26752373943285174,0.5180808875800506,0.43272851481259567,1,0
234,0,0,1,0,0.571428571,0.734861145120413,0.26327766616518733,0.6118113023203061,0.7972993952939381,0.13833471484670046,0.48550523082258285,0.3022142677550294,0.3883462056010474,1,1
235,0,0,0,1,0.571428571,0.6565532136456392,0.341585597639961,0.5207066957766981,0.7557662552747207,0.24052368750885827,0.4386418880790903,0.6561577344951541,0.11335581677003546,1,0
236,0,1,0,0,0.571428571,0.675662841485637,0.3224759697999631,0.5728916156797377,0.7517060884849964,0.1918398313361163,0.2570326516119556,0.642944912772955,0.3289522329797107,1,0
237,0,0,1,0,0.642857143,0.4342780687698752,0.5638607425157252,0.31945949775679955,0.7273878785886582,0.44384409611157627,0.08323029671244278,0.8059030473467453,0.3728123973770055,1,0
238,0,0,0,1,0.642857143,0.4524896877828054,0.5456491235027947,0.328675763846526,0.7759913873270793,0.41780232515840066,0.18495499269431726,0.6380067874828401,0.41423588597445055,0,0
239,0,1,0,0,0.642857143,0.32531966441901045,0.67281914686659,0.2153884796898062,0.6197597069540232,0.581863030177685,0.18181257048834587,0.6934288538456825,0.3664782231497263,1,1
240,0,0,1,0,0.642857143,0.4391811969656641,0.5589576143199363,0.2754959792776314,0.8428655607443069,0.44522546363668775,0.4539789820678697,0.6227434911315759,0.12709579456034278,0,0
241,0,0,0,1,0.7142857140000001,0.3717209159270511,0.6264178953585491,0.23698558173344444,0.776639527560452,0.5056349212169702,0.27743198904147587,0.47011052761893474,0.4660152467212568,1,1
242,0,1,0,0,0.7142857140000001,0.2994420433856801,0.6986967678999202,0.18943178292800741,0.6551759829359938,0.594266456039789,0.16645959342488556,0.5540586575508875,0.5126166713933826,0,0
243,0,0,1,0,0.7142857140000001,0.7319679949427734,0.2661708163428267,0.6161905097618644,0.6922450733704231,0.17128467399752942,0.4494392022471909,0.6447226378773964,0.11184441921310166,0,0
244,0,0,0,1,0.7857142859999999,0.3717209159270511,0.6264178953585491,0.2544361963504198,0.7429237711898314,0.5007995320903283,0.14862474412936208,0.5900364275217244,0.4993019786299181,1,0
245,0,1,0,0,0.7857142859999999,0.5323406326856535,0.46579817859994677,0.39983207699910506,0.7957993780772734,0.34245605969701715,0.27465767915106115,0.6447226378773964,0.30757040283602954,0,0
246,0,0,1,0,0.857142857,0.4524896877828054,0.5456491235027947,0.308671741424023,0.8764624660617187,0.4014798909643728,0.34332184893882645,0.25184538979585785,0.5941691645696026,0,0
247,0,0,0,1,0.857142857,0.7572082361476967,0.24093057513790347,0.6429787815030875,0.6683556076306187,0.15400574926915692,0.5165966347668862,0.5801115254608038,0.0964177407009497,0,0
248,0,1,0,0,0.9285714290000001,0.6654255408570667,0.3327132704285333,0.528885301634689,0.8084533694691395,0.2140342149412112,0.46238598173579315,0.47011052761893474,0.2588978037340316,1,0
249,0,0,1,0,1.0,0.5323406326856535,0.46579817859994677,0.40478251106915797,0.8122296514038795,0.3318904236269685,0.21847790387016228,0.5918353160202662,0.4194138220491312,0,0
250,1,1,0,0,0.0,0.41589133803566675,0.5822474732499335,0.261191181778759,0.9040911615524544,0.4373097714102081,0.27743198904147587,0.47011052761893474,0.4660152467212568,1,1
251,1,0,1,0,0.071428571,0.747323945885629,0.25081486539997133,0.641068374071541,0.7182711570461688,0.13818630297026188,0.356697985910469,0.44612534763837675,0.39944178290393445,1,0
252,1,0,0,1,0.071428571,0.4775409646150714,0.5205978466705288,0.3400216694815486,0.865555936875677,0.37522798588811,0.2808998764044943,0.36517536520399396,0.5592180960655083,0,0
253,1,1,0,0,0.14285714300000002,0.22180918028568894,0.7763296309999113,0.14363100158965003,0.5025731911334559,0.6922277497488615,0.10762509057643463,0.48892648777609654,0.6387619071437919,0,0
254,1,0,1,0,0.14285714300000002,0.5323406326856535,0.46579817859994677,0.4100913636632792,0.7628231931367182,0.3442658509077255,0.15937624902382658,0.7951862648022407,0.29745690216250437,1,1
255,1,0,0,1,0.14285714300000002,0.9315953571998936,0.06654345408570665,0.8887055258804923,0.32861915256054386,0.038161699379479636,0.6242207253433208,0.4555108528481603,0.0911777004454633,1,0
256,1,1,0,0,0.214285714,0.5084535978856562,0.4896852133999439,0.3721133078882243,0.8205919925946846,0.3603092323913001,0.29962646816479394,0.5238373307753845,0.3914529672458558,0,1
257,1,0,1,0,0.214285714,0.6255000684056429,0.3726387428799574,0.48945007764828796,0.7976096698965297,0.25574414069810664,0.4108798065550972,0.5253675245361695,0.26545215319565263,0,0
258,1,0,0,1,0.214285714,0.6825977870727331,0.31554102421286717,0.5591446771330718,0.7132758090913045,0.21863489465419794,0.4039078811045017,0.7318311679950225,0.08223880824492769,1,0
259,1,1,0,0,0.214285714,0.3890184238856698,0.6091203873999304,0.2548179522961732,0.7943798986977448,0.48223375207902536,0.2311934908678966,0.5260759475735698,0.4660152467212568,0,0
260,1,0,1,0,0.214285714,0.6913933278173425,0.3067454834682576,0.5706005924783278,0.746326772964656,0.19594276417007567,0.434240808934484,0.4993098771604834,0.2634003568424495,0,0
261,1,0,0,1,0.28571428600000004,0.48058539061899264,0.5175534206666076,0.3523368989549355,0.8033615425758152,0.3853971605369808,0.19712301852946973,0.593823561202865,0.44148818110434856,1,0
262,1,1,0,0,0.28571428600000004,0.5988830867713602,0.3992557245142401,0.4714137820856985,0.8305462054604492,0.2614176310397439,0.26752373943285174,0.5540586575508875,0.39944178290393445,0,1
263,1,0,1,0,0.28571428600000004,0.5905652800106468,0.4075735312749534,0.4325733923078549,0.8337914808038055,0.29757323767145044,0.48852078505129454,0.5212093893166452,0.1823544008909266,1,1
264,1,0,0,1,0.28571428600000004,0.24322514252016933,0.754913668765431,0.142088161390404,0.6084156484059882,0.6562749139912758,0.19206860779794488,0.37970484923067804,0.6452514954602019,1,0
265,1,1,0,0,0.28571428600000004,0.5323406326856535,0.46579817859994677,0.40232844973528564,0.8313887288668979,0.3274711431553616,0.2435989415973935,0.5356310192731417,0.4432828444421712,0,0
266,1,0,1,0,0.28571428600000004,0.5871403007562355,0.41099851052936476,0.4577361305915505,0.7731086648854183,0.2948686844194724,0.30622199733823285,0.6823567429185886,0.2374044841787535,0,0
267,1,0,0,1,0.35714285700000004,0.014788212019045928,0.9833505992665543,0.01383177864648569,0.03171721371807336,0.9834240876300914,0.10403762089055346,0.3022142677550294,0.8155259317621997,0,0
268,1,1,0,0,0.35714285700000004,1e-06,0.9981378112856002,0.010133779086348566,1e-06,0.9981932196684147,0.07343861474627304,0.24295676427365118,0.9046168906942046,1,0
269,1,0,1,0,0.35714285700000004,0.635851116818975,0.3622876944666252,0.5094826846693247,0.7779327346541195,0.24346364829454722,0.3528208447592682,0.5869079257851297,0.2735311013363899,1,1
270,1,0,0,1,0.35714285700000004,0.3382584749356756,0.6598803363499246,0.21865247630065512,0.7185842061146599,0.543775701877833,0.2400855097474311,0.39907749459959013,0.5735569959646238,1,0
271,1,1,0,0,0.35714285700000004,0.4524896877828054,0.5456491235027947,0.32773032010150865,0.7707026226343209,0.42058089936410414,0.17420185358418255,0.6770524293116553,0.3901524623712848,1,0
272,1,0,1,0,0.35714285700000004,0.321980616543742,0.6761581947418582,0.1896771546094486,0.7548660811566215,0.5587721528706013,0.3036754609778317,0.3294406882735006,0.5667750838501774,0,0
273,1,0,0,1,0.428571429,0.41589133803566675,0.5822474732499335,0.2671029159416687,0.813262881269456,0.46375634705204655,0.22698999103393486,0.760113158292953,0.25419058912068554,1,0
274,1,1,0,0,0.428571429,0.5041105006492931,0.49402831063630714,0.3606903760892083,0.8314087480924411,0.36745444071318056,0.3374170677531464,0.5336388421620342,0.3400654503101064,0,1
275,1,0,1,0,0.428571429,0.48797899662851557,0.5101598146570846,0.3307421103381741,0.9115710114315031,0.3678656099554281,0.38413621559588973,0.37970484923067804,0.4301679969734679,1,1
276,1,0,0,1,0.428571429,0.5323406326856535,0.46579817859994677,0.4095679306702091,0.8320745037326114,0.3202755953239173,0.13871649452073795,0.7219549174147928,0.3883462056010474,1,0
277,1,1,0,0,0.428571429,0.5871403007562355,0.41099851052936476,0.4337684812240962,0.8354141184754834,0.29585154211755965,0.5201841044527674,0.47011052761893474,0.1941736028005237,1,0
278,1,0,1,0,0.5,0.3992557245142401,0.5988830867713602,0.285594383215216,0.7501635851640325,0.4683137369775547,0.049938578027465666,0.7051652914284022,0.5032963864589575,0,0
279,1,0,0,1,0.5,0.6654255408570667,0.3327132704285333,0.542936977840324,0.7565903719004894,0.2188816232377363,0.36718907373136517,0.5985017851619212,0.24671442473478308,1,1
280,1,1,0,0,0.5,0.635851116818975,0.3622876944666252,0.5048724898135059,0.8399739357300727,0.22594852326813308,0.356697985910469,0.489298671603381,0.35949770461354097,1,0
281,1,0,1,0,0.5,0.6967396368973994,0.3013991743882008,0.5832185775700474,0.7575833562733477,0.1798428397865629,0.3613913673040278,0.4745288502469322,0.36790698425362384,0,0
282,1,0,0,1,0.5,0.7774970424750991,0.22064176881050107,0.6616049681724221,0.6558891035061684,0.14052581939193268,0.6132695020916836,0.4347639465949547,0.12263632808454128,0,0
283,1,1,0,0,0.571428571,0.6099734957856445,0.3881653154999556,0.47356494213493283,0.7633690058529756,0.2831109950187678,0.33611931364640346,0.7865304019778332,0.10754274924336699,0,1
284,1,0,1,0,0.571428571,0.5323406326856535,0.46579817859994677,0.37270329272970004,0.9666907404293124,0.30807002669355876,0.44587223238808626,0.12232541790084525,0.5991621743559017,0,1
285,1,0,0,1,0.571428571,0.329820120250894,0.6683186910347063,0.22296406864071544,0.6327662568409943,0.5699870324655153,0.05945049765174484,0.877858587288419,0.332868319086612,1,0
286,1,1,0,0,0.571428571,0.635851116818975,0.3622876944666252,0.5036811828242147,0.9254705092536185,0.19685404776883944,0.2881024116969173,0.37970484923067804,0.537709746216835,1,0
287,1,0,1,0,0.642857143,0.3679416284739075,0.6301971828116928,0.23777389896051654,0.8646215965656897,0.47376008268627434,0.12484494506866417,0.4029520236733727,0.6990223700818854,1,0
288,1,0,0,1,0.642857143,0.31053245239996446,0.6876063588856358,0.17818452067831717,0.7852826827847436,0.5590521828698143,0.21524918115286926,0.4237943180013056,0.5785014442056983,1,0
289,1,1,0,0,0.642857143,0.6654255408570667,0.3327132704285333,0.527209495862716,0.8707064878344826,0.1936258686052942,0.3404844865509022,0.6227434911315759,0.25419058912068554,0,1
290,1,0,1,0,0.642857143,0.2782694443584098,0.7198693669271905,0.18413386155712616,0.5883958347823464,0.6229736973568093,1e-06,0.8373835960712276,0.4368893563011783,0,0
291,1,0,0,1,0.7142857140000001,0.5041105006492931,0.49402831063630714,0.3697881024401655,0.8008870653379204,0.36951171272216554,0.26130228037627384,0.6419113516657217,0.32512721864273736,1,0
292,1,1,0,0,0.7142857140000001,0.26617081634282674,0.7319679949427736,0.16578059075320692,0.5889686908950713,0.6403980860949811,1e-06,0.9318252422446743,0.34951168504094265,0,0
293,1,0,1,0,0.7142857140000001,0.6654255408570667,0.3327132704285333,0.5362075759199333,0.7936024690092398,0.2122541999258087,0.3995016242197253,0.5238373307753845,0.2796095480327541,0,0
294,1,0,0,1,0.7857142859999999,0.3992557245142401,0.5988830867713602,0.26221889951999844,0.7945531516523164,0.475064397499828,0.20807424178110692,0.6799808524488165,0.34951168504094265,0,1
295,1,1,0,0,0.7857142859999999,0.362959840467491,0.6351789708181094,0.1977016047310972,0.8519327237776857,0.5167344740788091,0.4369548077403245,0.32739870673461524,0.4194138220491312,0,0
296,1,0,1,0,0.857142857,0.48797899662851557,0.5101598146570846,0.34985140011563703,0.8337338236276545,0.3770421598619526,0.19206860779794488,0.7284124658710969,0.3226262477301009,1,1
297,1,0,0,1,0.857142857,0.2839154707656818,0.7142233405199183,0.18231885839590317,0.643190919174494,0.60533681607305,0.09987615605493133,0.5238373307753845,0.6151398056720592,0,1
298,1,1,0,0,0.9285714290000001,0.3679416284739075,0.6301971828116928,0.25087794409474173,0.7578691181658139,0.49893107031625655,0.1560559313358302,0.49109756010192285,0.5825188084015712,1,0
299,1,0,1,0,1.0,0.5323406326856535,0.46579817859994677,0.39883840680900323,0.81784523371764,0.33561317559340875,0.20807424178110692,0.7219549174147928,0.3106771644808379,1,1
300,0,1,0,0,0.0,0.3659844974713867,0.6321543138142135,0.25404179363604745,0.6851688710114581,0.5216052239614174,0.1610899613789215,0.614988751856337,0.46225706731221444,0,0
301,0,0,1,0,0.071428571,0.8028035105823967,0.1953353007032035,0.7039404316998611,0.6028879173326797,0.1186112395492136,0.5548629780829518,0.5260759475735698,0.10355972149361264,0,0
302,0,0,0,1,0.071428571,0.2563126749967961,0.7418261362888041,0.17251575419207496,0.554612399292451,0.646080664001133,0.07416571984277079,0.5316170782621477,0.6367333371042917,0,1
303,0,1,0,0,0.14285714300000002,0.4476502365765722,0.550488574709028,0.3154546785162036,0.7790643375135714,0.429413379025451,0.22698999103393486,0.6685333801853685,0.3389204521609141,0,1
304,0,0,1,0,0.14285714300000002,0.6720797862656374,0.3260590250199627,0.5515264674388208,0.7429237711898314,0.215465672890508,0.39013832833957546,0.5776690690942492,0.24028959596564808,0,0
305,0,0,0,1,0.14285714300000002,0.4476502365765722,0.550488574709028,0.3209503428755616,0.7653090646166317,0.4290001873253909,0.23883289491396623,0.5737682184914329,0.413335375352767,0,0
306,0,1,0,0,0.214285714,0.3598231591301176,0.6383156521554826,0.24004939194650537,0.6903703309856338,0.5332042551486118,0.222180902240843,0.5796699514284323,0.426522513948269,1,0
307,0,0,1,0,0.214285714,0.7085882137775252,0.28955059750807505,0.6009976412914035,0.7304975750817615,0.17234709282224978,0.356697985910469,0.5078015247312401,0.3423788139176581,1,1
308,0,0,0,1,0.214285714,0.3770749064856712,0.6210639047999291,0.25805985428591993,0.7332432623531154,0.5007430953916651,0.19073480496601472,0.5120845925849111,0.5242670275614141,0,1
309,0,1,0,0,0.214285714,0.5323406326856535,0.46579817859994677,0.4001647821057342,0.7851109408900636,0.3459168333327852,0.3036754609778317,0.6153181037174476,0.3022805113867612,0,0
310,0,0,1,0,0.214285714,0.5506071887091807,0.4475316225764194,0.41754363000529426,0.8165612689172578,0.31810226855555496,0.32853769754911616,0.4824818309773277,0.39733946299391376,0,1
311,0,0,0,1,0.28571428600000004,0.5323406326856535,0.46579817859994677,0.41537739067971563,0.7665872372351373,0.33785772530739505,0.15889329372375438,0.7326392248606776,0.35586642476895974,0,0
312,0,1,0,0,0.28571428600000004,0.30573659985324697,0.6924022114323534,0.19303093587684686,0.639035383673855,0.5965183754311704,0.19583463932339476,0.5985017851619212,0.4386026439729476,0,1
313,0,0,1,0,0.28571428600000004,0.3232072055591467,0.6749316057264535,0.21474750423675823,0.6708352504257882,0.5644141160970845,0.16213599359566772,0.5049980621361099,0.5628493759100895,0,0
314,0,0,0,1,0.28571428600000004,0.23955383470854408,0.7585849765770563,0.14322572520724602,0.5904163697694522,0.6615483952098054,0.1783494929552345,0.3741698076967031,0.6657356381732241,1,0
315,0,1,0,0,0.28571428600000004,0.5973355878391343,0.4008032234464658,0.4767916822087845,0.7889439572563324,0.2709665307503987,0.26752373943285174,0.5756453195333895,0.3794697437587377,1,1
316,0,0,1,0,0.28571428600000004,0.48797899662851557,0.5101598146570846,0.35991018455879914,0.7942937075293899,0.3813306982604791,0.23048212935753384,0.5889294192149294,0.4086596471247945,1,0
317,0,0,0,1,0.35714285700000004,0.4775409646150714,0.5205978466705288,0.356073885611574,0.7872414763845079,0.3875094383680461,0.14862474412936208,0.661991967463398,0.43272851481259567,0,0
318,0,1,0,0,0.35714285700000004,0.3576666907106734,0.6404721205749269,0.22858090729712163,0.7647669706162674,0.517906122529628,0.26752373943285174,0.3921586926821215,0.54923207649291,0,0
319,0,0,1,0,0.35714285700000004,0.26062561183568456,0.7375131994499158,0.16780501796689964,0.5560430649858784,0.6500989862827808,0.13316787473990846,0.5842799843263904,0.5219369563278078,0,0
320,0,0,0,1,0.35714285700000004,0.6419399688268175,0.3561988424587828,0.5375763770865769,0.7625073292962915,0.22193737092466212,0.1600573398316207,0.6509218843954482,0.4301679969734679,1,0
321,0,1,0,0,0.35714285700000004,0.7186595041256322,0.2794793071599681,0.6104984276932237,0.7358834011267652,0.16131739780320106,0.3930282344754242,0.41414510766429957,0.3883462056010474,0,0
322,0,0,1,0,0.35714285700000004,0.48999543463111284,0.5081433766544874,0.3449385123351656,0.7980400394361057,0.394384901739777,0.38413621559588973,0.5656822447722347,0.2581011981840807,1,0
323,0,0,0,1,0.428571429,0.46579817859994677,0.5323406326856535,0.3306868811769675,0.8167866131809594,0.40144223475791363,0.2340833970037453,0.6012794806376108,0.3932005206710605,1,0
324,0,1,0,0,0.428571429,0.2735644223523497,0.7245743889332504,0.17228749018005943,0.5997377050005791,0.6303398650916221,0.15224971349837094,0.5724862958286332,0.5114800512794283,0,0
325,0,0,1,0,0.428571429,0.6995498762856344,0.2985889349999658,0.5747519573121952,0.7580013778735663,0.1878265732937926,0.47559698121395866,0.44612534763837675,0.2662948552692896,0,0
326,0,0,0,1,0.428571429,0.4342780687698752,0.5638607425157252,0.29082691159739843,0.7906930110569907,0.44895372151261415,0.32746052804895515,0.5416728678887961,0.3437820016796157,0,0
327,0,1,0,0,0.428571429,0.4702343422056605,0.5279044690799397,0.3500173616893868,0.7999979374331001,0.3888145576328538,0.11704219850187265,0.6485003037243342,0.48057819193129614,0,0
328,0,0,1,0,0.5,0.31314196040332554,0.6849968508822748,0.21200194332401434,0.616116495130254,0.5864040952293198,0.06748421355062928,0.7786766268282743,0.4156353281567967,0,0
329,0,0,0,1,0.5,0.6170310287947346,0.38110778249086547,0.48324516235648773,0.8159424664153461,0.2552195270457371,0.40442504740553176,0.43700422285703794,0.35443437074574463,0,0
330,0,1,0,0,0.5,0.24569621508568623,0.752442596199914,0.1433264936555883,0.5411615870140666,0.6788721681360923,0.1783494929552345,0.7339475074050718,0.332868319086612,1,1
331,0,0,1,0,0.5,0.4359688026304921,0.5621700086551082,0.3017298292437445,0.8227879690927383,0.4271308281017322,0.22698999103393486,0.4853738239701988,0.5083801782413712,1,0
332,0,0,0,1,0.5,0.4775409646150714,0.5205978466705288,0.3317577615665037,0.8234168210447296,0.39806874271863474,0.329777458671943,0.539803314732254,0.34291714381375504,1,0
333,0,1,0,0,0.571428571,0.4476502365765722,0.550488574709028,0.3131404182173346,0.8057677301953973,0.422191537578275,0.24968889013732834,0.5540586575508875,0.4194138220491312,1,0
334,0,0,1,0,0.571428571,0.6967396368973994,0.3013991743882008,0.566423350926885,0.7918826664559812,0.18384238309431997,0.5121812874611863,0.34095955849285375,0.3226262477301009,0,0
335,0,0,0,1,0.571428571,0.26617081634282674,0.7319679949427736,0.16269113878796285,0.5873622031006911,0.6439334693172188,0.15132699402262323,0.6227434911315759,0.4660152467212568,1,0
336,0,1,0,0,0.571428571,0.3576666907106734,0.6404721205749269,0.24232473423759449,0.6921491817946059,0.5303898039952649,0.14516837798681878,0.6770524293116553,0.42266508423555854,0,0
337,0,0,1,0,0.642857143,0.4978371379745463,0.5003016733110539,0.3611919599368418,0.8623468708577293,0.3560304334404712,0.24968889013732834,0.5036897795917159,0.4660152467212568,0,0
338,0,0,0,1,0.642857143,0.48797899662851557,0.5101598146570846,0.3667891796911157,0.8461825321148021,0.35637174946644795,0.1809342537227017,0.4117118285358373,0.6281071586243028,1,1
339,0,1,0,0,0.642857143,0.747323945885629,0.25081486539997133,0.6495255603343953,0.6413745923993803,0.15726075100800663,0.325680856700863,0.7840035351905839,0.12156993392728441,1,0
340,0,0,1,0,0.642857143,0.3992557245142401,0.5988830867713602,0.2759713611568378,0.7845166988499347,0.46540586375389287,0.1783494929552345,0.48210311760921365,0.5658754424472405,0,0
341,0,0,0,1,0.7142857140000001,0.7085882137775252,0.28955059750807505,0.582773101572532,0.7429237711898314,0.185455525901468,0.5041784704696053,0.46688175339078275,0.21508449848673397,0,1
342,0,1,0,0,0.7142857140000001,0.3327132704285334,0.6654255408570667,0.22188543360008256,0.7281512027916057,0.5372869995591233,0.11704219850187265,0.5068378344641641,0.6116446988216497,1,0
343,0,0,1,0,0.7142857140000001,0.4288301485523319,0.5693086627332684,0.30320706350986043,0.7779327346541195,0.44157656134499385,0.18998091640883677,0.5869079257851297,0.4558845022273165,1,0
344,0,0,0,1,0.7857142859999999,0.4978371379745463,0.5003016733110539,0.3459778954310162,0.9040911615524544,0.35587822494240057,0.4161474835622138,0.21826613782307688,0.5436842878414664,0,0
345,0,1,0,0,0.7857142859999999,0.4833093507277643,0.5148294605578358,0.347806108944143,0.8387608086733199,0.3772285585319288,0.27743198904147587,0.47011052761893474,0.4660152467212568,1,0
346,0,0,1,0,0.857142857,0.5323406326856535,0.46579817859994677,0.40020587940881586,0.7991214057351232,0.3409221063555384,0.2965053695380773,0.5729469867855768,0.34951168504094265,0,0
347,0,0,0,1,0.857142857,0.48999543463111284,0.5081433766544874,0.35586488848063536,0.7862399463236114,0.3880643887327272,0.2865280870428358,0.6159876058613444,0.320863268234308,0,0
348,0,1,0,0,0.9285714290000001,0.3890184238856698,0.6091203873999304,0.24196898847814455,0.8129416981184077,0.48800927534119243,0.30265298804524643,0.4853738239701988,0.4236503152011426,1,0
349,0,0,1,0,1.0,0.5323406326856535,0.46579817859994677,0.4020986249437007,0.9051875383576423,0.3015905272971956,0.20807424178110692,0.4281364626529584,0.5825188084015712,1,0
350,1,1,0,0,0.0,0.3935925369324778,0.6045462743531226,0.2789869804060743,0.7506603635194775,0.47448397082699534,0.15258804397281175,0.5204794055781063,0.5592180960655083,0,0
351,1,0,1,0,0.071428571,0.24322514252016933,0.754913668765431,0.1497761408700898,0.5698846757335331,0.6625188921102383,0.11349549551696743,0.5540586575508875,0.5719275755215426,0,0
352,1,0,0,1,0.071428571,0.6876063588856358,0.3105324523999645,0.538594163461991,0.8047541179533723,0.20601791120083876,0.5350464788657036,0.5000920025946323,0.14979129358897542,1,1
353,1,1,0,0,0.14285714300000002,0.2488119152769902,0.7493268960086101,0.1406729245159077,0.606013717641991,0.6584836681558067,0.1721995449222954,0.5280057896409711,0.5302930738552234,1,0
354,1,0,1,0,0.14285714300000002,0.46579817859994677,0.5323406326856535,0.3176182015542267,0.875112788408436,0.39336481616120167,0.3329181868497711,0.4029520236733727,0.4660152467212568,1,0
355,1,0,0,1,0.14285714300000002,0.38208347829857386,0.6160553329870265,0.25556442714547284,0.7313071605857724,0.5038245391386855,0.19975131210986266,0.7051652914284022,0.3355312576393049,1,0
356,1,1,0,0,0.214285714,0.3679416284739075,0.6301971828116928,0.2418948952234177,0.7233402130833716,0.5197709121437006,0.22407987576426902,0.6121765936576239,0.3943207472256789,0,0
357,1,0,1,0,0.214285714,0.36513138908567255,0.6330074221999278,0.24408659728798526,0.746622257923396,0.5094314883976151,0.19975131210986266,0.4633946772243785,0.5592180960655083,0,0
358,1,0,0,1,0.214285714,0.2839154707656818,0.7142233405199183,0.18031770106429826,0.7036060122222466,0.5858910238883923,0.13871649452073795,0.3693727717005916,0.7145561783059272,0,0
359,1,1,0,0,0.214285714,0.5323406326856535,0.46579817859994677,0.4073164174607831,0.8529758716493392,0.3150455643212225,0.1702427432754511,0.6227434911315759,0.4448327809611997,0,0
360,1,0,1,0,0.214285714,0.4741159853606601,0.5240228259249402,0.34321910865274313,0.8149921146336692,0.3900406134171815,0.21401919154628143,0.5756453195333895,0.4393858611943279,0,0
361,1,0,0,1,0.28571428600000004,0.5944469231656464,0.4036918881199539,0.4708456009916132,0.7994370119663357,0.27296610490245116,0.22293661619404315,0.661991967463398,0.34951168504094265,0,0
362,1,1,0,0,0.28571428600000004,0.4833093507277643,0.5148294605578358,0.33004588040054555,0.8340556311224506,0.3959501208321403,0.40897254419045154,0.4759000538211384,0.31335540727808653,0,0
363,1,0,1,0,0.28571428600000004,0.842872085085618,0.15526672619998222,0.7509591394641508,0.5525024679546653,0.09127359983171325,0.5944959765174483,0.5180808875800506,0.0665744638173224,1,1
364,1,0,0,1,0.28571428600000004,0.48058539061899264,0.5175534206666076,0.35511553089198483,0.8003046111338887,0.38380966730596977,0.19583463932339476,0.5985017851619212,0.4386026439729476,1,0
365,1,1,0,0,0.28571428600000004,0.5605707647220138,0.4375680465635864,0.4457653353448266,0.7429237711898314,0.3170416412423694,0.11015742211940957,0.9096036784391576,0.24671442473478308,1,0
366,1,0,1,0,0.28571428600000004,0.2050236963721774,0.7931151149134229,0.11536899219201746,0.515846245650064,0.7146769322708306,0.2125013320317688,0.3772317455665616,0.6246583945412593,0,0
367,1,0,0,1,0.35714285700000004,0.635851116818975,0.3622876944666252,0.5031055666030892,0.7976319679184283,0.24262113829543167,0.36412917311693715,0.6170197549998518,0.23300812336062843,0,0
368,1,1,0,0,0.35714285700000004,0.5041105006492931,0.49402831063630714,0.3589796713987863,0.8517853147816231,0.36189061498586556,0.356697985910469,0.44612534763837675,0.39944178290393445,0,0
369,1,0,1,0,0.35714285700000004,0.30747302922361014,0.6906657820619901,0.1849509688626493,0.6815880672003989,0.5892284645005499,0.24163444206838225,0.5296866198287077,0.4509825290850873,0,0
370,1,0,0,1,0.35714285700000004,0.4857609148256587,0.5123778964599415,0.3468257625675388,0.8210132091393402,0.38444712582818974,0.3121108626716604,0.5036897795917159,0.39611310971306835,0,0
371,1,1,0,0,0.35714285700000004,0.22180918028568894,0.7763296309999113,0.13106953143896835,0.6907675603144636,0.6377310878187303,1e-06,0.23025872781335577,0.9986029572598363,0,1
372,1,0,1,0,0.35714285700000004,0.3460217612456748,0.6521170500399255,0.2424828090924457,0.7429237711898314,0.5122799016908962,0.05806795119472752,0.43106488579011953,0.7477913028782959,1,0
373,1,0,0,1,0.428571429,0.1528021908634746,0.8453366204221257,0.09241512168727523,0.39843118086255896,0.7782501270917244,0.0780284656679151,0.4596170113774407,0.6990223700818854,0,0
374,1,1,0,0,0.428571429,0.2782694443584098,0.7198693669271905,0.17523736356610634,0.6084156484059882,0.6244374870989836,0.14687622949254608,0.5985017851619212,0.49342784946956614,0,1
375,1,0,1,0,0.428571429,0.5323406326856535,0.46579817859994677,0.3774409168826972,0.8352968193666876,0.34999160712545063,0.3699089853886345,0.6380067874828401,0.2071184429872253,1,1
376,1,0,0,1,0.428571429,0.28718422289620776,0.7109545883893924,0.18068222679113233,0.6193876100832201,0.6153274965585631,0.18269945619804512,0.5724862958286332,0.4773814478607998,1,0
377,1,1,0,0,0.428571429,0.43323485000481365,0.5649039612807866,0.3131754473843205,0.7558180917392411,0.43982420664927463,0.18033114287695934,0.604427535510059,0.450481438497215,0,0
378,1,0,1,0,0.5,0.5905652800106468,0.4075735312749534,0.4634340469138623,0.770522630076365,0.290310880399855,0.2648214895395906,0.760113158292953,0.21182565760057132,1,0
379,1,0,0,1,0.5,0.33472970843113053,0.6634091028544697,0.2046439138832617,0.732618713395908,0.5522661601939961,0.3121108626716604,0.41239618829071734,0.48057819193129614,0,0
380,1,1,0,0,0.5,0.38208347829857386,0.6160553329870265,0.260682069872302,0.7488259751918941,0.49271331318715056,0.1560559313358302,0.6012794806376108,0.48057819193129614,1,1
381,1,0,1,0,0.5,0.4053050385220316,0.5928337727635687,0.2877297158563355,0.7517465134207626,0.465703049407614,0.16213599359566772,0.5638707766338429,0.5083801782413712,0,0
382,1,0,0,1,0.5,0.5728447351726054,0.4252940761129949,0.44147072801055,0.8512142090242818,0.2828658722619427,0.22031384423881914,0.5985017851619212,0.4111900412246384,1,0
383,1,1,0,0,0.571428571,0.3770749064856712,0.6210639047999291,0.2418948952234177,0.7722991083495216,0.5024550085844541,0.24968889013732834,0.604427535510059,0.3728123973770055,1,0
384,1,0,1,0,0.571428571,0.08872427211427562,0.9094145391713248,0.059447739156248895,0.23948872694365306,0.8661280907645218,0.0780284656679151,0.2943441305739089,0.8519332947872978,1,0
385,1,0,0,1,0.571428571,0.6099734957856445,0.3881653154999556,0.4597864644282753,0.8742419780183264,0.25713040495693285,0.434240808934484,0.4555108528481603,0.303923334818211,1,0
386,1,1,0,0,0.571428571,0.6876063588856358,0.3105324523999645,0.560149134116618,0.7514426189661417,0.2041712538728753,0.49937678027465665,0.5036897795917159,0.18640669868850276,0,1
387,1,0,1,0,0.642857143,0.49183653019870155,0.5063022810868987,0.34119505517370935,0.852139768322012,0.37884609702306427,0.32853769754911616,0.593823561202865,0.29432578740289905,1,0
388,1,0,0,1,0.642857143,0.3992557245142401,0.5988830867713602,0.2783395931596944,0.7645208500593499,0.47020352849044367,0.10856095223362101,0.6526064622536144,0.4862767357091376,1,0
389,1,1,0,0,0.642857143,0.46417519191492956,0.5339636193706708,0.33631355234453203,0.7631532250122036,0.4150074111902651,0.22149832189601706,0.6759188461617865,0.33823714681381545,1,0
390,1,0,1,0,0.642857143,0.4288301485523319,0.5693086627332684,0.2980799242723872,0.7822415301574163,0.4449768647084078,0.19206860779794488,0.6702945297643603,0.37639712235178435,0,0
391,1,0,0,1,0.7142857140000001,0.5562276674856507,0.44191114379994945,0.4212804144668276,0.7840836506361318,0.32600012019154767,0.32287327172930386,0.6582701291905528,0.24104285175237428,0,0
392,1,1,0,0,0.7142857140000001,0.5840958747523143,0.414042936533286,0.4517676122621067,0.7818423650917554,0.29751206067207364,0.3201136796632414,0.6896671751332725,0.21508449848673397,1,0
393,1,0,1,0,0.7142857140000001,0.6734912928674556,0.3246475184181447,0.5360029057861964,0.799716089698565,0.21028849034844177,0.5296419790791813,0.3937940458626142,0.25419058912068554,0,0
394,1,0,0,1,0.7857142859999999,0.5057236510513708,0.4924151602342293,0.36569429392565445,0.8316942141970844,0.36254757280667443,0.3121108626716604,0.5225781088264052,0.37863757546102117,1,0
395,1,1,0,0,0.7857142859999999,0.4775409646150714,0.5205978466705288,0.3420800386540755,0.8584052046997319,0.3757801588924895,0.26409396072217417,0.4378227853374144,0.5108243089059932,0,0
396,1,0,1,0,0.857142857,0.3806857373275313,0.617453073958069,0.25613481049186076,0.7212394313955875,0.5068375063579944,0.22407987576426902,0.5928039482887117,0.4122443720995734,1,1
397,1,0,0,1,0.857142857,0.5057236510513708,0.4924151602342293,0.3617563854582812,0.8568121104453139,0.3574458910776097,0.36718907373136517,0.37628614710675234,0.45230894534710225,1,0
398,1,1,0,0,0.9285714290000001,0.5323406326856535,0.46579817859994677,0.39074528023940797,0.8159424664153461,0.3440590176265017,0.24968889013732834,0.8059030473467453,0.18640669868850276,1,1
399,1,0,1,0,1.0,0.9159383091797274,0.08220050210587299,0.833077565363234,0.44476409901897895,0.05050992568812256,0.7022481910112359,0.4596170113774407,1e-06,0,0
400,0,1,0,0,0.0,0.6210639047999291,0.37707490648567116,0.49962560541833856,0.7461628768082004,0.2641671068292273,0.3121108626716604,0.6799808524488165,0.23300812336062843,1,0
401,0,0,1,0,0.071428571,0.41213490917598977,0.5860039021096106,0.2915904386781805,0.7181115932005788,0.47389118457501533,0.2051017668985197,0.6404053054808959,0.3894557633313361,0,0
402,0,0,0,1,0.071428571,0.3948922849020626,0.6032465263835376,0.2728624701165122,0.7504536896721323,0.4804392198281606,0.22528330689082254,0.4688481497252211,0.525580977505177,1,1
403,0,1,0,0,0.14285714300000002,0.5323406326856535,0.46579817859994677,0.3927781990901792,0.7946776197826505,0.3496275488586615,0.356697985910469,0.5789663444537746,0.27653692662580076,1,0
404,0,0,1,0,0.14285714300000002,0.7097871769142046,0.2883516343713956,0.5906451094721251,0.7461064042320394,0.1767693863727349,0.47354699853631227,0.39774145009138945,0.31335540727808653,1,0
405,0,0,0,1,0.14285714300000002,0.5323406326856535,0.46579817859994677,0.40660093028704375,0.7848197438602089,0.33983836673524864,0.23867324792538736,0.642944912772955,0.34951168504094265,0,0
406,0,1,0,0,0.214285714,0.6654255408570667,0.3327132704285333,0.5310595834508346,0.7429237711898314,0.23512264439850283,0.47163368137050904,0.6380067874828401,0.09320384934425138,1,1
407,0,0,1,0,0.214285714,0.3992557245142401,0.5988830867713602,0.2739810419737605,0.8151173964127983,0.45649449167974243,0.1560559313358302,0.4281364626529584,0.6407705892417283,1,1
408,0,0,0,1,0.214285714,0.8265283244329884,0.171610486852612,0.7485472735349403,0.5487251136751643,0.09492600779647532,0.47163368137050904,0.5036897795917159,0.21747431513658655,0,0
409,0,1,0,0,0.214285714,0.6040017370856452,0.394137074199955,0.4719506919179542,0.7763856937154355,0.2800575919055173,0.38413621559588973,0.5685881415775715,0.25541265445299655,1,0
410,0,0,1,0,0.214285714,0.3992557245142401,0.5988830867713602,0.2799917139364334,0.7984814740788104,0.45660550742105815,0.14516837798681878,0.43106488579011953,0.6502534372854748,1,0
411,0,0,0,1,0.28571428600000004,0.47287716307714955,0.5252616482084507,0.3386210175079588,0.7927262658821059,0.4023317902197283,0.28266653600452263,0.5540586575508875,0.3824843911768806,0,0
412,0,1,0,0,0.28571428600000004,0.4476502365765722,0.550488574709028,0.321436905667877,0.7574280523072717,0.4313202547120084,0.21127536857773938,0.6586709425430131,0.3656429474274477,0,0
413,0,0,1,0,0.28571428600000004,0.4064495033343165,0.5916893079512837,0.26501489631601766,0.8013864520076455,0.4699622248468094,0.3236704872150552,0.44212781764161724,0.4401255663478537,1,1
414,0,0,0,1,0.28571428600000004,0.6304031966014318,0.3677356146841685,0.5042639274195956,0.758748256223225,0.2552611035947165,0.3504401440523906,0.646843432738835,0.2207445905521743,1,1
415,0,1,0,0,0.28571428600000004,0.4849714280822691,0.5131673832033313,0.35728279058465046,0.7798227351926809,0.3889722507950425,0.2539208882752491,0.5668643044896599,0.4028268742844763,1,0
416,0,0,1,0,0.28571428600000004,0.46067952828566167,0.5374592829999386,0.33411269935140003,0.8025308693331087,0.4031939894060567,0.20429109193054135,0.5403216908347497,0.4829612193293026,0,0
417,0,0,0,1,0.35714285700000004,0.3460217612456748,0.6521170500399255,0.22752404876647586,0.7056149488118312,0.53984219305763,0.14405170584845867,0.6702945297643603,0.4301679969734679,1,0
418,0,1,0,0,0.35714285700000004,0.49906940564280017,0.49906940564280017,0.37449055820774574,0.8148127819603806,0.3600700598238658,0.23276089758564505,0.4644191289794803,0.52130507260344,0,0
419,0,0,1,0,0.35714285700000004,0.5323406326856535,0.46579817859994677,0.3836312076356406,0.8837866084359032,0.32689628871921245,0.3404844865509022,0.4853738239701988,0.3812853836810283,1,1
420,0,0,0,1,0.35714285700000004,0.5041105006492931,0.49402831063630714,0.36713982519094435,0.8581376960333695,0.3518066476190102,0.2808998764044943,0.44072868214275124,0.48931595905731967,0,0
421,0,1,0,0,0.35714285700000004,0.3679416284739075,0.6301971828116928,0.23504723978268435,0.767735949179084,0.5106455990835462,0.2714008805840525,0.4555108528481603,0.4862767357091376,0,0
422,0,0,1,0,0.35714285700000004,0.9981378112856002,1e-06,0.9981187349569199,0.13940190248914736,1e-06,0.6063858760477974,0.489298671603381,0.0798891565807869,0,0
423,0,0,0,1,0.428571429,0.4227412965444895,0.5753975147411108,0.2948173680249661,0.7960659217792893,0.4432208704354704,0.19506966416978774,0.5068378344641641,0.5242670275614141,0,0
424,0,1,0,0,0.428571429,0.08156916952441465,0.9165696417611856,0.05637154556568503,0.24123643101452716,0.8684644213688582,0.03901473283395755,0.2707337190305472,0.9174665482324745,0,0
425,0,0,1,0,0.428571429,0.3770749064856712,0.6210639047999291,0.25708478693636744,0.7251143333299497,0.5045546373087113,0.1783494929552345,0.6080253125071428,0.4493718807669263,0,0
426,0,0,0,1,0.428571429,0.3278443103734817,0.6702945009121185,0.2121535890806725,0.6957217122709629,0.5581034796534836,0.20136220172365188,0.4809425443843479,0.5411788349021048,1,0
427,0,1,0,0,0.428571429,0.6654255408570667,0.3327132704285333,0.5419470106230961,0.7541574166091414,0.22069290928425034,0.4411788509945274,0.457486748681799,0.29432578740289905,0,1
428,0,0,1,0,0.5,0.5789203505456482,0.41921846073995206,0.4485067937633811,0.8038580259712921,0.2928572889803583,0.3167692188309389,0.5653352720193587,0.33386195287493026,1,1
429,0,0,0,1,0.5,0.35609305159378174,0.6420457596918187,0.23777389896051654,0.7104710177562694,0.528280441892816,0.17339536815092246,0.5960327225168638,0.4660152467212568,1,0
430,0,1,0,0,0.5,0.6487899273356401,0.34934888394996005,0.5248722462231298,0.7936983605850573,0.2231070544763463,0.3484027071683651,0.5364881187279206,0.32512721864273736,0,1
431,0,0,1,0,0.5,0.7864118210128972,0.21172699027270311,0.6885008725746146,0.6619754439036272,0.11254160373271709,0.37453283520599245,0.5540586575508875,0.2796095480327541,1,1
432,0,0,0,1,0.5,0.6734912928674556,0.3246475184181447,0.5296706164734379,0.785696228644108,0.221328778498312,0.5243455692883895,0.4936160039998815,0.16776612881965247,1,0
433,0,1,0,0,0.571428571,0.5002166893339332,0.4979221219516673,0.34127995087508634,0.8845299479464368,0.36730872170252554,0.46238598173579315,0.3581796877096645,0.3624565252276442,0,0
434,0,0,1,0,0.571428571,0.15970288980569605,0.8384359214799042,0.08524281359813503,0.41626118728621214,0.7788324527616594,0.17339536815092246,0.4281364626529584,0.6213533289616758,1,0
435,0,0,0,1,0.571428571,0.6986967678999202,0.29944204338568003,0.5931314615637511,0.684070600927815,0.19632240067700643,0.3500307525289649,0.6317302917869931,0.2351857600275502,0,0
436,0,1,0,0,0.571428571,0.35609305159378174,0.6420457596918187,0.23319939593184155,0.7551517823519988,0.5168711196816258,0.22407987576426902,0.37970484923067804,0.6094042457124129,0,0
437,0,0,1,0,0.642857143,0.6441319555496408,0.3540068557359595,0.48770623965416204,0.8089369827405739,0.2534126996821705,0.5165966347668862,0.5801115254608038,0.0964177407009497,1,1
438,0,0,0,1,0.642857143,0.734861145120413,0.26327766616518733,0.6175864922981613,0.7319552976581019,0.15589912241502105,0.4369548077403245,0.5540586575508875,0.2097074110245656,0,0
439,0,1,0,0,0.642857143,0.4359688026304921,0.5621700086551082,0.30639564889710147,0.8522565768750943,0.41222711324686206,0.19506966416978774,0.41239618829071734,0.6116446988216497,0,0
440,0,0,1,0,0.642857143,0.2735644223523497,0.7245743889332504,0.17942544010873346,0.6269529023022491,0.6138588385420933,0.07134039718209381,0.44612534763837675,0.718994409227082,1,1
441,0,0,0,1,0.7142857140000001,0.5789203505456482,0.41921846073995206,0.4423371688853921,0.821230728465105,0.29263834985820913,0.36245116310257336,0.5053145821065278,0.33823714681381545,1,0
442,0,1,0,0,0.7142857140000001,0.45680595507485133,0.541332856210749,0.33203580613876904,0.7387546776614579,0.42774521782834496,0.18844469066968175,0.7678887998303894,0.29016081399625426,0,0
443,0,0,1,0,0.7142857140000001,0.41290545868566714,0.5852333525999331,0.2888031380832109,0.7730789845573006,0.45712718316122325,0.1981659921724828,0.5420660675606084,0.48820640132703097,1,1
444,0,0,0,1,0.7857142859999999,0.32531966441901045,0.67281914686659,0.20698516755904475,0.6822811260025395,0.5678210770711553,0.21847790387016228,0.5540586575508875,0.4543648905532255,0,0
445,0,1,0,0,0.7857142859999999,0.6121915775885014,0.3859472336970987,0.47972508227592237,0.7986835020893154,0.26470450436989906,0.36066128575391865,0.5708482835372779,0.2796095480327541,1,1
446,0,0,1,0,0.857142857,0.5323406326856535,0.46579817859994677,0.38036036965689707,0.9720514010354125,0.2988199827277162,0.3121108626716604,0.17629207285710055,0.6990223700818854,1,0
447,0,0,0,1,0.857142857,0.2050236963721774,0.7931151149134229,0.11826500733638255,0.5121175506494109,0.7132142919055677,0.17522057202619531,0.40825401082696955,0.6377047060396147,0,0
448,0,1,0,0,0.9285714290000001,0.2994420433856801,0.6986967678999202,0.20479702180486575,0.6275388013089747,0.5892840350775054,0.0861002724611477,0.5453743682475819,0.6106403577726816,1,1
449,0,0,1,0,1.0,0.5057236510513708,0.4924151602342293,0.3749674703194718,0.7429237711898314,0.3850379037143287,0.24479304915424346,0.8059030473467453,0.19188921923816463,1,0
450,1,1,0,0,0.0,0.2994420433856801,0.6986967678999202,0.17155951306065853,0.7133215974497579,0.5908664018923595,0.29375145898509214,0.42072927471778615,0.49342784946956614,0,1
451,1,0,1,0,0.071428571,0.6419399688268175,0.3561988424587828,0.5267587618964613,0.7527155502430615,0.23579009377205926,0.2560911437305931,0.6896671751332725,0.2867789979823119,0,0
452,1,0,0,1,0.071428571,0.3362155048540969,0.6619233064315033,0.215637592898319,0.7429237711898314,0.5380628029944682,0.23226880477891007,0.3256416528523186,0.6502534372854748,0,0
453,1,1,0,0,0.14285714300000002,0.5323406326856535,0.46579817859994677,0.37673772643043973,0.9014139623769958,0.327282495833938,0.4161474835622138,0.3861623976869821,0.3883462056010474,1,0
454,1,0,1,0,0.14285714300000002,0.30747302922361014,0.6906657820619901,0.20789667605448303,0.6586714305450067,0.5752959743259874,0.08917524647761725,0.5900364275217244,0.5658754424472405,1,1
455,1,0,0,1,0.14285714300000002,0.46417519191492956,0.5339636193706708,0.3442978416598354,0.8408286267431966,0.3798666461607904,0.15853299373798624,0.398154987677261,0.6657356381732241,1,0
456,1,1,0,0,0.214285714,0.5133285029468801,0.48481030833872013,0.37270329272970004,0.8253642335412191,0.35805473632264617,0.356697985910469,0.46273047224030156,0.3840786758691678,0,0
457,1,0,1,0,0.214285714,0.5871403007562355,0.41099851052936476,0.45451635625517367,0.7710078847381063,0.29870405546128403,0.3663908387884709,0.6197571940193721,0.22794275111365828,0,0
458,1,0,0,1,0.214285714,0.3173573194856781,0.6807814917999223,0.19624455912112998,0.7429237711898314,0.556688418532014,0.19975131210986266,0.4029520236733727,0.6151398056720592,1,0
459,1,1,0,0,0.214285714,0.5840958747523143,0.414042936533286,0.450274354612253,0.8313547169646767,0.2814345758877475,0.33611931364640346,0.495940721444151,0.37639712235178435,0,0
460,1,0,1,0,0.214285714,0.5623920635630694,0.43574674772253086,0.4117566109528604,0.8617914145802047,0.30766317440588015,0.42803738309256284,0.44612534763837675,0.31955362632314754,1,0
461,1,0,0,1,0.28571428600000004,0.5002166893339332,0.4979221219516673,0.37685476815678476,0.7702569726111473,0.37355801524503685,0.1560559313358302,0.7901627729845042,0.3058228494108248,1,0
462,1,1,0,0,0.28571428600000004,0.7319679949427734,0.2661708163428267,0.6170510370039677,0.7060987808023239,0.1655583857914154,0.4429956437920341,0.5784306952730672,0.18039361163403492,1,1
463,1,0,1,0,0.28571428600000004,0.842872085085618,0.15526672619998222,0.7624926262477298,0.5232972269568376,0.0905258965695686,0.49937678027465665,0.6296119744896449,0.06990313700818854,1,1
464,1,0,0,1,0.28571428600000004,0.4064495033343165,0.5916893079512837,0.27300226626763063,0.747162003914364,0.4814691672559345,0.2576154898242276,0.6140216075022822,0.35505947369238616,1,0
465,1,1,0,0,0.28571428600000004,0.2839154707656818,0.7142233405199183,0.19349158643907408,0.5864551385637282,0.6146726652219787,0.05806795119472752,0.6770524293116553,0.5202029498283798,0,0
466,1,0,1,0,0.28571428600000004,0.3935925369324778,0.6045462743531226,0.2689604822329499,0.7581966058485546,0.48144826502353566,0.22698999103393486,0.4853738239701988,0.5083801782413712,0,0
467,1,0,0,1,0.35714285700000004,0.635851116818975,0.3622876944666252,0.5209006422088593,0.7993577785407816,0.22491985778376258,0.2570326516119556,0.5985017851619212,0.3700711371021746,1,1
468,1,1,0,0,0.35714285700000004,0.7706554682484169,0.2274833430371833,0.6701106492388975,0.6411908484088066,0.13755523920132834,0.48925429824206224,0.49279921138432736,0.20781816407839837,0,0
469,1,0,1,0,0.35714285700000004,0.5323406326856535,0.46579817859994677,0.40560025562155794,0.7903305126094319,0.3388503804870749,0.20245064065188784,0.6969973652728609,0.3400654503101064,1,0
470,1,0,0,1,0.35714285700000004,0.46067952828566167,0.5374592829999386,0.32300891949177596,0.8198498213438019,0.40773296222491073,0.2400855097474311,0.6121765936576239,0.37639712235178435,1,1
471,1,1,0,0,0.35714285700000004,0.38208347829857386,0.6160553329870265,0.2445929357178936,0.7850169013786574,0.4953656739507862,0.2808998764044943,0.47850534061212996,0.4543648905532255,1,0
472,1,0,1,0,0.35714285700000004,0.1774475442285512,0.8206912670570491,0.10689214484828188,0.4154404270251477,0.7583301141438513,0.13444832545856142,0.495940721444151,0.6022347957628551,0,0
473,1,0,0,1,0.428571429,0.6654255408570667,0.3327132704285333,0.5583051406363362,0.7570956066772236,0.20394291439784445,0.27743198904147587,0.582041367528205,0.3624565252276442,1,1
474,1,1,0,0,0.428571429,0.5323406326856535,0.46579817859994677,0.3995170008285192,0.8471349187446927,0.3246021863184544,0.2714008805840525,0.4883601210824026,0.4558845022273165,1,0
475,1,0,1,0,0.428571429,0.28718422289620776,0.7109545883893924,0.18031770106429826,0.8084533694691395,0.5488083504199753,0.08323029671244278,0.20147651183668633,0.9320294934425137,1,0
476,1,0,0,1,0.428571429,0.7048581062411893,0.29328070504441084,0.5800207248191046,0.7824849837733147,0.17410687818299136,0.44587223238808626,0.44612534763837675,0.2995815871779508,0,0
477,1,1,0,0,0.428571429,0.22180918028568894,0.7763296309999113,0.13663949942359319,0.5256931528939248,0.690765459791259,0.10701009577314072,0.5324719955683853,0.5991621743559017,1,0
478,1,0,1,0,0.5,0.49507685839765764,0.5030619528879425,0.3557889294393488,0.8341971402217253,0.3711757226002816,0.24968889013732834,0.6296119744896449,0.34951168504094265,0,0
479,1,0,0,1,0.5,0.385246786811986,0.6128920244736142,0.27828141904471554,0.7108779488338063,0.4892319549573932,0.09603480389897244,0.6586709425430131,0.4946930465194881,0,0
480,1,1,0,0,0.5,0.6287124627408148,0.36942634854478534,0.4818651728909411,0.8462521134900881,0.2458249165894123,0.46370708168360975,0.44612534763837675,0.2796095480327541,1,0
481,1,0,1,0,0.5,0.5562276674856507,0.44191114379994945,0.4123523464144105,0.8109737386337285,0.32506433502159415,0.38413621559588973,0.5656822447722347,0.2581011981840807,1,1
482,1,0,0,1,0.5,0.7299515569401763,0.26818725434542384,0.6178513575684181,0.6905538053518598,0.17028772088195906,0.4369548077403245,0.5918353160202662,0.17475634252047134,0,1
483,1,1,0,0,0.571428571,0.3460217612456748,0.6521170500399255,0.23090373540458373,0.6928129019174192,0.5411241065862794,0.14687622949254608,0.642944912772955,0.45230894534710225,1,1
484,1,0,1,0,0.571428571,0.3460217612456748,0.6521170500399255,0.22286210727671527,0.7383355228363431,0.5327469590837894,0.22997668828438134,0.4347639465949547,0.5518599763804358,1,0
485,1,0,0,1,0.571428571,0.31314196040332554,0.6849968508822748,0.20586344349376998,0.6511327838080405,0.5799150353946635,0.11704219850187265,0.6485003037243342,0.48057819193129614,1,0
486,1,1,0,0,0.571428571,0.41082832522479773,0.5873104860608024,0.2971317444685211,0.8107730012666374,0.43579644178558513,0.09247799634715863,0.582041367528205,0.5695739682148695,1,0
487,1,0,1,0,0.642857143,0.48058539061899264,0.5175534206666076,0.35511553089198483,0.782648968074179,0.3900541589522058,0.19583463932339476,0.6577592886432995,0.3837774384763292,0,0
488,1,0,0,1,0.642857143,0.6565532136456392,0.341585597639961,0.5245952388584382,0.799716089698565,0.22124473478229226,0.4161474835622138,0.5036897795917159,0.2796095480327541,0,0
489,1,1,0,0,0.642857143,0.6170310287947346,0.38110778249086547,0.4957279502478198,0.7789189026390289,0.2563252920775317,0.20807424178110692,0.8059030473467453,0.23300812336062843,0,0
490,1,0,1,0,0.642857143,0.842872085085618,0.15526672619998222,0.7669600274575719,0.5002983598392283,0.09436957508312521,0.49937678027465665,0.6188186434983938,0.0798891565807869,1,0
491,1,0,0,1,0.7142857140000001,0.3548940884571023,0.643244722828498,0.24016407679299923,0.6981998203642037,0.5303249553630613,0.1637307640244776,0.5912160265371617,0.481294402351462,1,0
492,1,1,0,0,0.7142857140000001,0.4288301485523319,0.5693086627332684,0.28615376752409355,0.7818423650917554,0.4565722590518317,0.35212494762956553,0.5734313029197995,0.2867789979823119,0,1
493,1,0,1,0,0.7142857140000001,0.6654255408570667,0.3327132704285333,0.5539462152246495,0.7574445344449052,0.20800593942472292,0.2400855097474311,0.6702945297643603,0.3226262477301009,0,0
494,1,0,0,1,0.7857142859999999,0.5323406326856535,0.46579817859994677,0.37170627750480456,0.8457374512487458,0.3518066476190102,0.4577621319184352,0.5540586575508875,0.18640669868850276,0,1
495,1,1,0,0,0.7857142859999999,0.4205493098216662,0.5775895014639342,0.2843092857170363,0.8348537831644005,0.43959454141901705,0.22698999103393486,0.4853738239701988,0.5083801782413712,1,0
496,1,0,1,0,0.857142857,0.5944469231656464,0.4036918881199539,0.44976705847468385,0.8199786756991685,0.2859453038803489,0.40490028130377564,0.5744784729397407,0.22671063354007093,1,0
497,1,0,0,1,0.857142857,0.4978371379745463,0.5003016733110539,0.36787218604501676,0.7429237711898314,0.3918524144579257,0.21401919154628143,0.8346852633234149,0.19972139145196724,0,0
498,1,1,0,0,0.9285714290000001,0.46067952828566167,0.5374592829999386,0.28364174821062427,0.994889691334214,0.38363376613283634,0.356697985910469,0.44612534763837675,0.39944178290393445,1,1
499,1,0,1,0,1.0,0.362959840467491,0.6351789708181094,0.22311714810095293,0.7670337177265584,0.5223519619195127,0.26283035803929294,0.593823561202865,0.36790698425362384,1,0
